movieId,predicted_rating,num_raters,avg_similarity
2145,3.22,2,0.4289
3996,4.45,6,0.4192
4023,2.77,3,0.4339
5459,2.62,6,0.4026
135536,2.02,3,0.4129
5218,3.56,6,0.4513
5378,3.54,9,0.4408
30810,3.28,6,0.4295
34048,3.6,5,0.4327
48516,3.97,8,0.4263
55765,3.35,3,0.4018
57528,3.34,2,0.403
59014,0.5,1,0.4025
96411,3.58,1,0.4025
111781,3.59,2,0.403
68157,4.27,9,0.4406
3868,3.37,5,0.4111
6620,3.96,3,0.3998
8937,3.9,2,0.398
33493,4.03,7,0.4323
79134,3.0,2,0.3996
3918,2.44,1,0.4217
52279,1.27,1,0.5616
3072,4.19,1,0.4185
1278,4.26,3,0.3979
1961,3.92,4,0.4037
2146,3.89,1,0.3993
2861,2.89,1,0.3993
2990,3.41,3,0.4609
3269,2.89,1,0.3993
3478,2.43,2,0.3985
4887,2.05,3,0.4062
5680,3.39,1,0.3993
6718,2.39,1,0.3993
8917,3.37,4,0.4005
51091,3.89,1,0.3993
61024,3.99,4,0.4005
143385,3.74,2,0.4014
4022,3.97,5,0.4194
60069,3.68,7,0.4406
5329,2.99,2,0.4014
7163,2.23,2,0.4014
71341,2.59,1,0.4035
87876,2.09,1,0.4035
92391,3.09,1,0.4035
97752,3.26,3,0.4501
3424,4.01,3,0.3999
836,2.26,3,0.433
3273,2.52,3,0.4018
127202,3.47,2,0.4704
292,3.35,3,0.4093
2399,2.17,2,0.4105
3431,2.44,1,0.4217
2498,2.27,1,0.5616
153,2.46,3,0.3998
247,3.89,1,0.3993
454,3.55,4,0.4474
542,1.89,1,0.3993
2450,1.89,1,0.3993
3225,0.89,1,0.3993
5094,1.23,2,0.4805
2841,3.11,2,0.4804
103253,2.91,3,0.4501
586,3.18,2,0.3985
553,2.74,2,0.4114
3317,3.82,3,0.4064
6618,3.69,3,0.4018
45672,3.0,5,0.4003
95654,3.59,1,0.4035
113348,2.09,1,0.4035
113780,2.59,1,0.4035
923,4.43,5,0.4451
3753,3.14,6,0.4182
1732,4.6,7,0.4217
3949,3.75,9,0.4188
27156,4.47,2,0.4162
62956,2.93,3,0.4142
1687,2.99,4,0.4058
2278,3.47,3,0.4078
3175,3.38,4,0.4308
4718,3.74,4,0.4005
8641,3.65,6,0.4273
49530,3.18,3,0.4018
84954,2.5,4,0.4005
90866,3.26,3,0.4501
101864,2.53,3,0.4009
102125,3.87,5,0.44
36525,3.42,1,0.3966
46970,3.31,5,0.4318
55280,2.51,2,0.4001
91094,2.76,2,0.3996
105037,3.0,2,0.3996
185029,2.88,3,0.4658
3768,1.44,1,0.4217
4361,3.84,3,0.4052
471,4.24,2,0.4014
1541,1.89,1,0.3993
1580,3.54,5,0.4038
4290,1.89,1,0.3993
4900,3.65,2,0.398
5303,3.89,1,0.3993
5679,3.52,3,0.4018
5951,2.39,1,0.3993
6337,3.89,1,0.3993
6753,3.89,1,0.3993
7346,3.63,3,0.3995
8370,4.4,2,0.398
89745,4.15,8,0.4428
166024,4.39,1,0.3993
3980,3.48,2,0.4487
1998,1.47,1,0.3978
2470,3.77,2,0.4114
27790,3.59,1,0.4035
52950,2.59,1,0.4035
54272,3.73,6,0.4404
79868,2.09,1,0.4035
91233,3.59,1,0.4035
60,2.65,4,0.4719
122906,3.39,4,0.4089
32,4.15,7,0.4133
1894,2.73,2,0.4009
785,2.96,5,0.439
1266,4.16,4,0.4198
2770,2.07,3,0.4458
3584,2.44,1,0.4217
3844,2.68,2,0.4105
968,3.29,5,0.429
2411,2.32,4,0.4099
95,2.15,5,0.411
288,3.67,3,0.4093
342,3.89,1,0.3993
2407,3.18,2,0.3985
3051,2.89,1,0.3993
4519,1.89,1,0.3993
4599,1.89,1,0.3993
919,3.47,4,0.4045
1517,3.63,6,0.4263
2794,2.84,3,0.4068
3766,2.27,3,0.4063
3785,2.82,5,0.4051
5275,1.09,1,0.4035
103075,2.09,1,0.4035
371,3.02,1,0.5014
1037,2.72,4,0.4323
2081,3.73,4,0.426
58025,2.79,4,0.4418
70336,2.49,2,0.4009
83134,3.59,2,0.403
85020,2.84,2,0.403
89864,3.62,4,0.4005
95558,3.69,3,0.4018
103249,3.03,3,0.4009
135567,3.0,2,0.3996
162478,3.08,1,0.4025
6297,3.15,2,0.398
7162,3.65,2,0.398
55292,1.42,1,0.3966
78209,3.74,2,0.3996
80219,2.86,3,0.4009
103228,4.19,3,0.4009
103980,4.0,2,0.3996
6687,0.77,1,0.5616
61248,3.08,4,0.4622
339,3.22,3,0.4529
1810,2.89,1,0.3993
3044,2.89,1,0.3993
3525,2.89,1,0.3993
3770,1.89,1,0.3993
4520,2.39,1,0.3993
4565,2.89,1,0.3993
4816,3.69,3,0.4018
4866,2.74,2,0.4014
5106,1.89,1,0.3993
5282,2.39,1,0.3993
5382,1.89,1,0.3993
7318,3.39,1,0.3993
34536,3.89,1,0.3993
4187,3.96,1,0.498
4203,3.48,2,0.4487
169984,2.78,2,0.4002
6754,2.99,4,0.4005
27317,3.59,1,0.4035
42738,2.85,3,0.4018
43936,2.85,3,0.4018
68791,2.59,2,0.403
69526,2.37,4,0.4005
86898,4.59,1,0.4035
145951,0.5,1,0.4035
1962,3.25,2,0.4255
327,2.45,3,0.4412
420,2.55,3,0.408
832,3.15,4,0.4062
1263,4.17,2,0.4105
2792,2.1,3,0.4063
2818,1.44,1,0.4217
168,2.17,2,0.4105
209,3.89,1,0.3993
3100,4.21,2,0.3994
3999,2.24,2,0.4014
4344,2.99,4,0.4005
4818,1.89,1,0.3993
106918,3.99,4,0.4005
379,1.46,2,0.3994
122884,2.59,1,0.4035
5956,3.7,6,0.4211
5962,1.02,1,0.5014
5872,3.1,4,0.4249
6250,2.59,2,0.403
64716,3.58,1,0.4025
65682,3.08,1,0.4025
70361,2.58,1,0.4025
78105,2.31,2,0.4011
90647,3.4,2,0.4821
152091,2.58,1,0.4025
6213,1.65,2,0.398
6586,3.0,2,0.3996
62113,2.42,1,0.3966
90376,4.42,1,0.3966
118696,3.96,3,0.4536
2528,3.0,3,0.4148
2699,2.4,4,0.4348
60756,2.53,4,0.44
748,2.33,3,0.4093
3261,3.01,2,0.4045
3360,4.43,2,0.3985
3707,2.89,1,0.3993
3794,2.89,1,0.3993
4019,4.03,2,0.4114
4103,4.89,1,0.3993
5297,1.89,1,0.3993
5321,1.89,1,0.3993
5876,3.89,1,0.3993
8638,3.89,1,0.3993
48738,3.9,2,0.398
5065,3.14,2,0.4097
49932,3.59,1,0.4035
1591,1.94,3,0.3985
1645,3.34,3,0.4093
372,3.89,1,0.3993
373,3.89,1,0.3993
537,3.89,1,0.3993
852,3.89,1,0.3993
1014,2.89,1,0.3993
1104,4.02,2,0.4045
1753,2.65,2,0.398
2106,2.89,1,0.3993
2374,2.89,1,0.3993
2908,3.0,3,0.4386
3916,3.67,3,0.4336
2903,1.97,1,0.3978
2359,3.41,2,0.4166
3997,1.52,3,0.4018
91535,3.34,2,0.403
5507,2.08,4,0.4267
44022,2.74,2,0.4009
66171,3.08,1,0.4025
84772,2.89,4,0.4001
99750,3.08,1,0.4025
5941,2.65,2,0.398
103984,4.42,1,0.3966
2669,3.61,2,0.4583
3543,4.56,2,0.4089
2097,2.89,1,0.3993
2406,3.43,3,0.4063
2940,3.89,1,0.3993
3020,4.03,2,0.4114
4451,3.39,1,0.3993
4546,3.89,1,0.3993
4961,2.39,1,0.3993
6162,3.39,1,0.3993
7450,2.39,1,0.3993
42011,2.41,3,0.4525
47423,3.89,1,0.3993
54736,3.24,2,0.4014
2083,4.0,2,0.4124
26133,4.97,1,0.3978
38583,2.47,1,0.3978
5953,3.59,1,0.4035
6615,2.09,2,0.403
7202,2.59,1,0.4035
26603,4.09,1,0.4035
47404,4.59,1,0.4035
90469,3.09,1,0.4035
22,3.0,4,0.4065
4149,2.9,2,0.398
2366,3.53,2,0.4198
1332,2.89,1,0.3993
2294,4.11,2,0.4805
2606,2.45,2,0.4523
6947,3.71,3,0.4087
5504,2.59,1,0.4035
118702,2.59,1,0.4035
2739,3.01,2,0.3974
178827,4.57,1,0.4358
8974,3.32,1,0.4463
79185,3.48,2,0.4821
8372,1.42,1,0.3966
56775,2.9,3,0.4536
79553,1.42,1,0.3966
3354,3.44,1,0.4217
849,2.23,5,0.4062
1049,3.21,3,0.4609
1609,1.89,1,0.3993
1863,1.89,1,0.3993
3480,3.89,1,0.3993
4175,3.89,1,0.3993
5347,1.89,1,0.3993
68135,3.39,1,0.3993
4876,1.63,2,0.4097
55116,2.03,1,0.3996
6040,1.59,1,0.4035
6290,2.59,1,0.4035
27397,4.59,1,0.4035
62336,4.59,1,0.4035
3081,3.98,2,0.4009
482,4.34,3,0.4093
2122,1.82,2,0.4201
92,1.89,1,0.3993
612,1.89,1,0.3993
1914,3.89,1,0.3993
1952,3.89,1,0.3993
3101,3.26,2,0.4114
3738,1.97,1,0.3978
1125,4.16,1,0.4234
1967,4.24,2,0.4014
102802,2.09,1,0.4035
1590,3.41,3,0.4576
783,3.88,2,0.4506
6338,1.75,2,0.3996
49822,3.48,2,0.4009
50442,3.23,2,0.4009
79428,3.08,1,0.4025
90057,4.08,1,0.4025
94780,3.08,1,0.4025
86911,3.5,2,0.3996
2009,3.38,2,0.4603
1681,1.0,2,0.5122
45208,1.77,1,0.5616
205,2.89,1,0.3993
314,2.89,1,0.3993
1013,2.89,1,0.3993
2133,3.89,1,0.3993
2476,4.14,2,0.4105
4452,1.89,1,0.3993
4672,1.89,1,0.3993
4773,1.89,1,0.3993
5209,1.89,1,0.3993
7228,1.89,1,0.3993
34334,2.39,1,0.3993
178061,3.89,1,0.3993
4220,3.93,2,0.4487
67534,2.03,1,0.3996
4533,3.28,2,0.4007
27808,3.3,3,0.3998
4228,3.13,3,0.3998
3930,2.44,1,0.4217
3436,1.89,1,0.3993
435,1.4,3,0.4446
3553,1.59,1,0.4035
99030,3.59,1,0.4035
6044,2.02,1,0.5014
3513,2.84,3,0.4265
193583,3.07,1,0.4358
5803,2.24,2,0.4009
6058,2.59,2,0.403
54745,3.92,1,0.3966
1678,2.89,1,0.3993
2883,3.89,1,0.3993
3254,3.15,2,0.398
3684,2.89,1,0.3993
4524,2.89,1,0.3993
4980,2.9,2,0.398
5258,1.89,1,0.3993
6222,2.89,1,0.3993
6932,4.39,1,0.3993
8833,3.39,1,0.3993
54997,3.65,3,0.4002
82667,3.59,1,0.4035
149406,3.09,1,0.4035
1382,1.89,1,0.3993
4846,3.89,1,0.3993
4916,3.96,1,0.498
50798,0.8,2,0.4011
77667,2.58,1,0.4025
90430,4.08,1,0.4025
93326,3.08,1,0.4025
3639,3.17,2,0.4105
3643,3.44,1,0.4217
3388,1.89,1,0.3993
4462,0.89,1,0.3993
5316,3.39,1,0.3993
5944,2.89,1,0.3993
48982,2.39,1,0.3993
54190,3.39,1,0.3993
90603,3.39,1,0.3993
96488,4.39,1,0.3993
165549,4.39,1,0.3993
27032,3.59,1,0.4035
27746,2.59,1,0.4035
2527,3.44,1,0.4217
144,3.89,1,0.3993
155,1.89,1,0.3993
2147,2.89,1,0.3993
6315,2.39,1,0.3993
103384,3.09,1,0.4035
107771,4.59,1,0.4035
627,3.02,1,0.5014
193579,3.07,1,0.4358
45431,3.08,1,0.4025
71248,1.92,1,0.3966
4444,3.27,1,0.5616
160563,3.27,1,0.5616
1959,4.19,1,0.4185
3251,2.89,1,0.3993
4063,1.89,1,0.3993
5016,3.89,1,0.3993
7340,1.89,1,0.3993
66665,3.89,1,0.3993
4835,3.96,1,0.498
7481,4.03,1,0.3996
8894,1.47,1,0.3978
53022,4.09,1,0.4035
59103,2.59,1,0.4035
69134,2.59,1,0.4035
126548,2.92,1,0.3966
477,3.39,1,0.3993
950,2.39,1,0.3993
4602,2.89,1,0.3993
2728,4.96,1,0.498
3843,1.97,1,0.3978
110102,3.96,6,0.4331
858,4.39,17,0.4511
6807,3.67,4,0.4114
51255,3.57,5,0.4096
3005,2.91,4,0.4291
3535,4.24,4,0.4005
55278,3.58,1,0.4025
63859,3.08,1,0.4025
80862,2.58,1,0.4025
87485,2.26,2,0.3996
97304,3.91,5,0.4075
98585,3.58,1,0.4025
540,2.01,3,0.4093
2495,3.42,1,0.3966
8814,1.42,1,0.3966
48780,3.66,9,0.4151
60684,3.62,4,0.4005
94677,3.3,4,0.4448
2688,3.02,2,0.4227
101362,2.98,2,0.4821
170289,0.77,1,0.5616
4321,3.03,4,0.4525
1027,3.41,2,0.4424
1845,3.89,1,0.3993
2329,4.18,16,0.4403
3386,3.61,4,0.4203
4219,2.89,1,0.3993
4267,2.89,1,0.3993
5159,2.89,1,0.3993
5568,3.89,1,0.3993
6299,3.18,2,0.3985
7315,1.89,1,0.3993
57368,3.49,4,0.4005
71518,2.9,2,0.398
160438,2.39,1,0.3993
5081,3.55,2,0.4075
5127,4.18,1,0.4158
5312,3.18,1,0.4158
6639,3.97,1,0.3978
6821,2.97,1,0.3978
26492,1.97,1,0.3978
2541,2.68,5,0.4378
5672,0.66,1,0.4234
8169,2.65,1,0.4098
2538,1.11,1,0.5053
3481,4.46,3,0.3998
5294,3.73,3,0.4062
7562,2.09,1,0.4035
8142,4.59,1,0.4035
79695,2.87,4,0.4005
86320,1.39,3,0.4155
122912,3.3,3,0.4785
2707,3.4,2,0.4033
1091,2.45,3,0.4307
1917,3.2,6,0.441
1625,3.45,9,0.4272
173,2.33,4,0.4103
368,3.51,5,0.4093
1240,4.17,8,0.4028
4009,3.44,1,0.4217
44,2.16,3,0.4338
54,0.89,1,0.3993
193,1.89,1,0.3993
382,3.11,2,0.4805
737,2.89,1,0.3993
913,3.89,1,0.3993
1488,3.07,3,0.4143
1805,3.13,2,0.4424
2087,4.14,3,0.4075
2103,1.89,1,0.3993
3969,3.89,1,0.3993
4847,2.39,1,0.3993
4132,1.37,2,0.4487
4202,2.97,1,0.3978
780,3.35,10,0.4297
2598,2.83,5,0.4578
5025,3.13,3,0.3998
111360,2.87,3,0.4559
1987,2.02,1,0.5014
2877,3.4,2,0.4504
3798,2.93,4,0.4459
3827,2.59,3,0.4201
115617,3.58,5,0.4004
5574,3.02,5,0.4365
8464,3.46,3,0.3995
65810,2.58,1,0.4025
67695,2.0,2,0.3996
103042,3.22,5,0.44
3421,3.9,5,0.4041
5945,3.65,2,0.398
8376,3.46,3,0.3998
31225,3.15,2,0.398
1127,3.86,5,0.4038
3370,3.44,1,0.4217
7570,3.27,1,0.5616
34150,2.45,4,0.44
111659,3.0,2,0.4791
4322,3.53,2,0.4089
2048,2.89,1,0.3993
2402,3.17,2,0.4105
2416,3.9,2,0.398
2836,4.89,1,0.3993
3896,3.49,2,0.4014
4010,2.89,1,0.3993
27831,3.49,2,0.4014
47629,3.97,2,0.3986
68358,3.76,4,0.4008
81591,3.66,5,0.4107
2078,4.07,4,0.4403
177763,2.47,1,0.3978
45668,4.32,1,0.3987
34321,2.59,1,0.4035
53519,3.24,4,0.4005
82641,2.59,1,0.4035
29,4.54,1,0.4365
165,3.41,6,0.4129
494,3.33,3,0.4093
3203,3.52,3,0.4132
3752,3.27,4,0.4045
3,2.81,3,0.4148
1094,3.17,2,0.4105
1198,4.26,15,0.4445
2563,2.89,1,0.3993
2948,3.82,3,0.4609
5417,2.89,1,0.3993
115828,4.39,1,0.3993
1036,4.26,8,0.4049
1983,2.97,1,0.3978
3698,2.78,5,0.4089
319,4.23,3,0.4033
48394,3.66,4,0.4426
1242,3.76,4,0.4234
56174,3.55,4,0.4146
4571,3.27,4,0.4243
26686,2.08,1,0.4025
89470,3.48,2,0.4009
91690,2.98,2,0.4009
92008,2.58,1,0.4025
109042,2.08,1,0.4025
143365,2.08,1,0.4025
149352,2.26,2,0.3996
160954,2.58,1,0.4025
27611,3.9,2,0.4005
2019,4.09,5,0.435
6773,4.15,2,0.398
45666,2.46,3,0.3995
45720,3.89,4,0.4391
74532,1.42,1,0.3966
47124,3.27,1,0.5616
49647,3.27,1,0.5616
2872,4.89,1,0.3993
4091,2.89,1,0.3993
4233,1.89,1,0.3993
4640,2.89,1,0.3993
4967,3.89,1,0.3993
6493,1.89,1,0.3993
7010,2.89,1,0.3993
8645,3.89,1,0.3993
32019,1.89,1,0.3993
42602,3.39,1,0.3993
46335,2.49,2,0.4014
94864,3.62,4,0.4005
95309,3.99,2,0.4009
6503,2.22,5,0.4051
40148,2.59,1,0.4035
2428,2.13,4,0.407
4881,3.84,3,0.4002
2013,3.81,3,0.4374
3744,2.61,3,0.4094
1916,3.92,1,0.3966
2195,3.92,1,0.3966
2232,3.75,2,0.3996
415,2.17,2,0.4105
2322,3.17,2,0.4105
743,2.04,4,0.4476
1499,1.63,3,0.4078
2387,2.68,2,0.4105
4663,0.89,1,0.3993
5994,3.89,1,0.3993
1291,3.98,8,0.4155
2011,2.97,6,0.4227
2243,3.97,1,0.3978
2517,3.28,2,0.4007
1084,3.24,2,0.4014
3114,4.27,5,0.4266
94867,3.09,1,0.4035
130634,2.38,3,0.4546
132422,1.59,1,0.4035
117895,1.78,2,0.4192
3266,4.32,1,0.4463
8815,2.82,1,0.4463
3615,2.69,3,0.4232
6564,2.5,2,0.3996
32029,2.69,3,0.4018
72167,3.08,1,0.4025
74458,4.02,4,0.4001
97172,2.58,1,0.4025
5219,2.82,5,0.4035
85780,3.5,2,0.3996
111743,2.37,3,0.4009
2764,3.14,1,0.4557
1389,1.69,2,0.4098
3633,2.44,1,0.4217
3922,1.44,1,0.4217
95796,0.5,1,0.5616
2779,2.89,1,0.3993
3250,2.89,1,0.3993
4141,2.89,1,0.3993
4215,1.93,2,0.3985
4499,4.89,1,0.3993
4595,3.39,1,0.3993
4898,2.39,1,0.3993
5004,3.48,2,0.4487
5500,3.89,1,0.3993
6027,3.89,1,0.3993
6216,3.89,1,0.3993
6720,2.89,1,0.3993
69481,4.13,4,0.4008
184931,3.97,1,0.3978
2580,4.01,4,0.4375
4794,4.59,1,0.4035
7090,3.13,3,0.3998
7419,3.59,1,0.4035
8840,0.59,1,0.4035
1721,3.49,6,0.4372
128975,2.75,2,0.3996
2134,4.4,2,0.398
230,3.17,2,0.4105
72,3.89,1,0.3993
704,1.89,1,0.3993
2014,2.89,1,0.3993
2888,1.39,1,0.3993
3262,2.89,1,0.3993
3526,3.89,1,0.3993
3953,1.89,1,0.3993
4600,3.89,1,0.3993
3016,2.93,3,0.4331
741,4.46,3,0.3998
112727,2.59,1,0.4035
2139,3.02,2,0.4491
159817,4.57,1,0.4358
193573,3.57,1,0.4358
72378,2.35,3,0.4018
75813,2.58,1,0.4025
185435,2.58,1,0.4025
5225,4.13,3,0.3998
48877,2.75,2,0.3996
53894,3.65,2,0.398
74789,1.75,2,0.3996
48598,3.27,1,0.5616
75,0.89,1,0.3993
908,3.63,3,0.4078
2301,2.43,2,0.3985
3179,2.89,1,0.3993
3206,1.89,1,0.3993
4062,1.89,1,0.3993
5508,2.89,1,0.3993
6713,3.89,1,0.3993
7257,1.9,2,0.398
7265,3.89,1,0.3993
43921,2.89,1,0.3993
99112,3.02,3,0.4018
166635,3.89,1,0.3993
4803,3.96,1,0.498
56941,2.42,2,0.4704
1227,3.59,1,0.4035
56145,1.95,2,0.4019
71156,2.59,1,0.4035
158956,2.59,1,0.4035
786,2.78,4,0.4076
1233,4.66,2,0.4105
34,4.43,2,0.3985
916,4.89,1,0.3993
1304,4.15,3,0.4123
1330,1.97,1,0.3978
2879,3.59,1,0.4035
51927,3.09,1,0.4035
100383,3.09,1,0.4035
103341,3.99,4,0.4005
104457,4.09,1,0.4035
115727,4.59,1,0.4035
103210,1.57,1,0.4358
158035,3.07,1,0.4358
83601,0.5,1,0.4463
158,2.24,2,0.4009
34405,4.14,4,0.4489
36529,3.23,2,0.4009
83349,2.59,2,0.403
5014,2.57,2,0.4062
82852,1.42,1,0.3966
141688,3.92,1,0.3966
3810,3.17,2,0.4105
3927,2.44,1,0.4217
4280,3.02,2,0.4089
745,4.47,2,0.4518
1380,2.89,1,0.3993
2244,0.89,1,0.3993
3765,2.89,1,0.3993
4221,2.89,1,0.3993
5460,3.89,1,0.3993
6093,4.39,1,0.3993
7255,2.89,1,0.3993
27555,2.89,1,0.3993
42730,2.39,1,0.3993
64614,3.96,3,0.3995
81782,3.24,2,0.4014
143355,3.47,3,0.4125
61465,2.79,2,0.4425
5476,1.59,1,0.4035
6867,3.8,3,0.3998
72142,4.59,1,0.4035
1439,3.42,1,0.3966
3018,4.0,2,0.4001
370,3.46,2,0.4302
2002,2.41,4,0.4051
459,2.68,2,0.4105
2169,2.15,2,0.398
2172,2.89,1,0.3993
2453,1.89,1,0.3993
2759,2.89,1,0.3993
96417,3.24,2,0.4009
4190,3.96,1,0.498
2902,2.97,1,0.3978
159,2.49,2,0.4014
1128,3.53,2,0.4007
102686,3.08,1,0.4025
37729,3.75,2,0.4001
67267,2.92,1,0.3966
190221,1.34,1,0.5971
4161,2.82,3,0.4614
131934,0.77,1,0.5616
2856,3.19,1,0.4185
1282,4.89,1,0.3993
1344,3.39,1,0.3993
1600,2.89,1,0.3993
6249,1.89,1,0.3993
6286,3.89,1,0.3993
6670,2.39,1,0.3993
8908,2.89,1,0.3993
33495,1.9,2,0.398
34332,2.89,1,0.3993
37240,3.89,1,0.3993
39234,3.89,1,0.3993
46965,2.52,3,0.4018
68159,3.89,1,0.3993
2088,2.68,2,0.3985
5205,1.97,1,0.3978
71823,3.82,1,0.3987
7984,3.59,1,0.4035
47937,2.59,1,0.4035
61289,2.59,1,0.4035
77798,1.59,1,0.4035
140247,3.09,1,0.4035
1086,3.58,1,0.4025
81156,3.92,1,0.3966
1135,2.89,1,0.3993
1374,3.66,2,0.4105
3271,4.23,2,0.4009
33725,1.89,1,0.3993
2860,3.61,1,0.4237
164917,4.07,1,0.4358
173235,4.07,1,0.4358
59604,3.32,1,0.4463
27478,3.08,1,0.4025
78469,2.34,2,0.403
90531,4.0,2,0.3996
5047,3.42,1,0.3966
138798,1.42,1,0.3966
3705,2.17,2,0.4105
1702,3.27,1,0.5616
1293,2.89,1,0.3993
2991,3.42,5,0.4426
3858,2.89,1,0.3993
4210,2.89,1,0.3993
4636,1.89,1,0.3993
4929,1.89,1,0.3993
30848,3.39,1,0.3993
3515,2.77,2,0.4336
149330,3.97,1,0.3978
26169,4.59,1,0.4035
55553,2.59,1,0.4035
60037,2.09,1,0.4035
66310,3.09,1,0.4035
155064,3.09,1,0.4035
36537,3.42,1,0.3966
122,2.24,2,0.4009
2269,1.89,1,0.3993
3908,2.09,1,0.4035
113313,3.09,1,0.4035
26171,4.55,1,0.3979
193581,3.57,1,0.4358
87430,2.24,2,0.4009
97860,3.08,1,0.4025
65642,4.92,1,0.3966
74452,1.42,1,0.3966
91128,3.42,1,0.3966
493,3.89,1,0.3993
1218,4.24,2,0.4014
3308,3.89,1,0.3993
3783,3.89,1,0.3993
4714,1.89,1,0.3993
5646,2.89,1,0.3993
6374,2.39,1,0.3993
7033,3.39,1,0.3993
8981,3.89,1,0.3993
2107,2.78,1,0.4628
26413,3.09,1,0.4035
74370,3.59,1,0.4035
3268,2.57,2,0.4002
2065,3.61,1,0.4178
538,3.89,1,0.3993
969,3.89,1,0.3993
4587,2.89,1,0.3993
43919,0.58,1,0.4025
69278,3.08,1,0.4025
59258,1.42,1,0.3966
2320,2.39,1,0.3993
4359,3.89,1,0.3993
39231,3.39,1,0.3993
48161,2.89,1,0.3993
48520,2.39,1,0.3993
31086,3.09,1,0.4035
122890,3.58,1,0.4025
1483,1.68,1,0.407
242,3.89,1,0.3993
1025,3.89,1,0.3993
1594,3.89,1,0.3993
2430,1.89,1,0.3993
103085,2.59,1,0.4035
4011,4.16,9,0.4128
102123,3.41,4,0.4096
45662,2.02,3,0.4018
55363,3.49,2,0.4009
65088,2.41,3,0.404
86882,4.13,3,0.3995
3148,3.87,5,0.4497
2421,2.8,2,0.4108
924,4.09,6,0.407
2003,3.72,4,0.404
7454,2.24,4,0.4005
85881,3.65,2,0.398
106916,3.87,4,0.4005
3884,2.14,1,0.4557
1221,4.29,11,0.438
2617,2.54,6,0.4319
2916,3.75,6,0.4073
4007,3.7,5,0.4089
1210,4.31,12,0.425
71530,2.98,2,0.4821
160980,3.61,2,0.4805
1500,3.96,3,0.4078
2125,3.03,2,0.4114
2342,2.89,1,0.3993
3189,3.89,1,0.3993
3396,3.5,3,0.4724
3946,2.89,1,0.3993
5071,3.89,1,0.3993
6534,3.25,3,0.4467
7027,3.39,1,0.3993
7258,2.89,1,0.3993
8364,3.89,1,0.3993
8919,3.89,1,0.3993
32587,3.93,7,0.4211
49278,2.74,2,0.4009
76763,3.39,1,0.3993
112852,3.82,8,0.4155
2806,1.93,2,0.4487
6348,0.68,1,0.4158
2054,2.64,4,0.4498
1370,3.14,4,0.4069
4878,4.3,9,0.4409
46578,3.99,7,0.4414
589,4.14,11,0.4221
3033,3.46,4,0.3993
34162,3.26,5,0.4329
69453,1.97,1,0.3978
141994,0.5,1,0.3978
168250,3.52,4,0.4155
5959,3.09,1,0.4035
6617,3.24,2,0.4014
26391,2.09,1,0.4035
34437,3.75,2,0.4001
69275,3.59,1,0.4035
86295,2.59,2,0.403
100810,1.59,1,0.4035
1090,4.11,7,0.418
522,3.58,1,0.4025
1573,3.54,5,0.4068
1673,3.88,5,0.4281
1921,4.4,2,0.398
1955,2.61,1,0.4178
257,2.68,2,0.4105
1250,3.84,4,0.4342
2291,3.66,2,0.4105
109846,3.27,1,0.5616
491,3.89,1,0.3993
1148,4.47,2,0.4518
1515,1.52,3,0.4224
1569,3.25,3,0.4545
5480,2.89,1,0.3993
6565,3.89,1,0.3993
122904,3.67,5,0.4001
73,3.17,1,0.4679
1895,2.83,3,0.4607
2581,2.93,5,0.4799
4973,3.93,11,0.4393
112552,4.22,6,0.4095
2640,2.95,3,0.4128
25,3.19,3,0.4074
2501,3.52,3,0.4427
3911,3.74,5,0.4247
464,2.74,2,0.4014
32598,3.09,1,0.4035
109187,3.09,1,0.4035
134853,3.85,3,0.4018
1270,4.44,7,0.422
5266,3.43,5,0.4035
6593,3.25,3,0.4545
8784,3.91,5,0.4398
30812,3.62,4,0.4005
47044,2.69,3,0.4018
48783,3.48,2,0.4009
58103,3.19,3,0.4018
73431,2.08,1,0.4025
81932,3.89,5,0.3999
82459,4.13,4,0.4008
157296,2.86,3,0.4016
3146,2.4,2,0.4005
2167,3.09,4,0.405
4020,2.63,3,0.3998
6881,2.4,2,0.398
45732,1.42,1,0.3966
51412,2.13,3,0.3995
129354,2.76,2,0.3996
4865,3.85,3,0.4065
434,3.15,4,0.4117
60937,2.27,1,0.5616
1970,2.23,3,0.4556
3672,1.89,1,0.3993
4353,2.89,1,0.3993
5829,3.89,1,0.3993
6003,3.38,3,0.4087
45210,3.74,2,0.4014
59784,3.52,3,0.4018
176751,3.89,1,0.3993
5189,1.47,1,0.3978
6686,0.59,1,0.4035
26399,3.09,1,0.4035
43289,3.59,1,0.4035
50794,2.69,3,0.4018
54259,3.46,3,0.3998
71732,3.09,1,0.4035
77931,3.59,1,0.4035
80094,3.59,1,0.4035
161634,3.59,1,0.4035
3198,4.23,2,0.4179
225,3.01,3,0.4093
122886,4.12,4,0.4005
1371,3.17,2,0.4105
1378,3.66,2,0.4105
1606,0.77,1,0.5616
2993,3.29,3,0.4689
2724,2.03,8,0.4153
10,3.28,3,0.4128
31,3.21,2,0.3994
188,3.89,1,0.3993
233,3.89,1,0.3993
1719,3.89,1,0.3993
1866,1.89,1,0.3993
2188,1.89,1,0.3993
3117,3.89,1,0.3993
4734,3.49,3,0.4064
273,2.0,2,0.4124
2148,2.18,2,0.3985
3300,3.55,6,0.414
4721,1.73,2,0.4014
110591,4.09,1,0.4035
168218,4.07,1,0.4358
63131,3.96,3,0.3995
203,3.4,1,0.5944
2572,3.06,4,0.4259
8958,3.9,2,0.398
58655,2.92,1,0.3966
86347,3.92,1,0.3966
102033,3.25,2,0.3996
134170,4.92,1,0.3966
3769,3.44,1,0.4217
1007,1.89,1,0.3993
1095,3.96,2,0.4504
1445,2.17,2,0.4105
2120,1.89,1,0.3993
2245,3.08,3,0.4137
2261,4.89,1,0.3993
2414,3.89,1,0.3993
2425,3.89,1,0.3993
4623,3.89,1,0.3993
5049,3.74,2,0.4014
5611,3.39,1,0.3993
7390,1.39,1,0.3993
33677,3.39,1,0.3993
47610,3.61,3,0.4525
50792,1.89,1,0.3993
52281,3.37,4,0.4005
78499,4.48,4,0.4417
81229,2.69,3,0.4018
48322,3.59,2,0.4849
5349,3.69,11,0.442
7891,2.97,1,0.3978
3967,3.64,4,0.4057
4378,3.74,2,0.4014
6383,2.19,3,0.4018
54995,3.12,4,0.4005
79057,3.09,2,0.403
87520,2.54,4,0.4411
90600,3.09,1,0.4035
120799,2.59,2,0.403
18,2.96,2,0.4179
2672,2.6,3,0.4059
4102,3.9,2,0.398
115569,4.2,3,0.4009
1459,2.68,3,0.4093
782,2.17,2,0.4105
2769,3.89,1,0.3993
1969,2.17,3,0.415
5502,2.99,5,0.3999
1923,3.78,6,0.4042
3727,3.59,1,0.4035
98239,1.84,2,0.403
111551,3.09,1,0.4035
129937,2.59,1,0.4035
5608,3.6,2,0.3984
170907,3.57,1,0.4358
2117,2.99,2,0.4009
5903,3.69,3,0.4018
55247,3.64,5,0.4327
56156,2.34,2,0.403
80463,3.6,7,0.4114
87298,2.75,2,0.3996
142536,2.42,1,0.3966
2941,3.44,1,0.4217
1831,1.47,3,0.4078
3831,2.89,1,0.3993
4262,3.94,4,0.4317
4941,2.89,1,0.3993
5345,2.89,1,0.3993
5437,2.89,1,0.3993
6220,2.89,1,0.3993
6628,1.89,1,0.3993
45880,2.89,1,0.3993
2804,3.94,3,0.4317
5364,3.79,2,0.4075
5506,3.18,1,0.4158
5696,3.18,1,0.4158
3704,2.45,4,0.4046
180263,1.97,1,0.3978
902,3.77,2,0.4114
3893,3.19,5,0.4281
4153,2.01,2,0.4001
4270,2.5,4,0.4005
8366,3.24,2,0.4014
56336,3.59,1,0.4035
85022,3.0,2,0.4001
122882,4.28,6,0.4513
127198,4.0,2,0.4001
1779,2.32,4,0.4043
2347,2.32,2,0.4201
259,2.89,1,0.3993
585,2.39,1,0.3993
1246,3.89,1,0.3993
1303,3.89,1,0.3993
3243,1.89,1,0.3993
3826,2.32,5,0.453
4463,1.89,1,0.3993
165635,0.57,1,0.4358
2720,1.12,3,0.4625
4084,2.99,2,0.4009
69606,2.25,2,0.3996
82053,2.58,1,0.4025
3616,2.13,3,0.3998
4238,3.17,2,0.3992
8983,3.13,3,0.3998
94953,2.42,1,0.3966
848,3.89,1,0.3993
1484,3.89,1,0.3993
3397,3.89,1,0.3993
3505,4.14,2,0.4105
3747,2.89,1,0.3993
5363,3.13,3,0.3995
5466,2.89,1,0.3993
6323,2.99,2,0.4014
34072,3.89,1,0.3993
51084,2.15,2,0.398
103048,3.9,2,0.398
142509,2.89,1,0.3993
3948,3.25,6,0.4294
2046,2.96,2,0.3994
7360,3.85,2,0.4145
5103,3.47,1,0.3978
4034,3.67,4,0.415
58301,3.09,1,0.4035
97913,3.84,2,0.403
135534,3.09,1,0.4035
457,4.11,8,0.4129
1665,2.08,1,0.4025
2371,3.4,3,0.4634
128512,1.42,1,0.3966
427,2.89,1,0.3993
516,2.89,1,0.3993
2393,2.89,1,0.3993
2114,3.78,3,0.4217
58,2.18,1,0.4158
5325,4.04,2,0.4075
31410,3.53,1,0.3996
2596,3.86,1,0.5731
1286,2.68,2,0.3985
6764,3.18,3,0.4018
2634,3.12,1,0.4531
3082,2.85,4,0.415
4489,3.5,2,0.3996
33836,1.9,2,0.4821
90522,2.58,1,0.4025
94266,3.08,1,0.4025
167370,3.08,1,0.4025
4992,2.15,2,0.398
7173,2.66,4,0.4001
4310,2.71,5,0.4375
361,1.89,1,0.3993
3142,3.89,1,0.3993
5293,3.89,1,0.3993
6370,4.89,1,0.3993
34534,2.99,2,0.4014
74580,1.53,1,0.3996
90384,1.53,1,0.3996
3745,3.24,2,0.4014
67168,3.09,1,0.4035
71910,2.09,1,0.4035
79357,3.09,1,0.4035
161582,4.24,2,0.4014
101,3.23,2,0.4009
253,3.24,2,0.4009
1620,2.78,2,0.4032
1202,3.92,1,0.3966
1183,3.44,1,0.4217
308,3.89,1,0.3993
358,2.53,2,0.4089
662,1.89,1,0.3993
1689,3.89,1,0.3993
2089,3.89,1,0.3993
2126,2.66,2,0.4105
5421,4.04,2,0.4075
1971,1.78,1,0.4628
328,3.09,1,0.4035
3362,4.15,3,0.4002
3726,3.76,2,0.4126
6482,2.58,1,0.4025
39400,1.58,1,0.4025
82854,2.08,1,0.4025
2485,2.32,4,0.4429
2890,4.32,3,0.4148
3557,2.44,1,0.4217
2734,3.04,2,0.4089
4333,4.04,2,0.4089
2076,4.22,3,0.4062
2766,2.89,1,0.3993
2928,3.89,1,0.3993
3000,4.89,1,0.3993
4125,0.89,1,0.3993
4541,2.89,1,0.3993
4573,1.89,1,0.3993
6141,2.89,1,0.3993
6280,1.89,1,0.3993
6898,2.39,1,0.3993
31445,1.89,1,0.3993
48326,3.39,1,0.3993
55094,3.89,1,0.3993
55276,3.89,1,0.3993
5039,3.93,2,0.4487
60832,3.53,1,0.3996
27904,3.7,4,0.4431
188797,3.97,1,0.3978
32011,2.09,1,0.4035
36850,4.09,1,0.4035
61818,0.5,1,0.4035
110746,3.59,1,0.4035
116799,4.09,1,0.4035
2530,2.44,1,0.4217
157,3.89,1,0.3993
2566,1.11,1,0.5053
2332,1.09,1,0.4035
5108,2.89,3,0.4062
5772,4.59,1,0.4035
105801,2.59,1,0.4035
27193,2.62,1,0.4531
91978,3.08,1,0.4025
135133,3.59,2,0.403
86345,4.92,1,0.3966
177765,2.84,1,0.5971
2996,1.89,1,0.3993
3145,3.89,1,0.3993
5633,3.39,1,0.3993
6812,1.89,1,0.3993
7076,3.39,1,0.3993
27873,3.39,1,0.3993
50923,2.39,1,0.3993
58162,2.9,2,0.398
60128,3.39,1,0.3993
7387,4.34,2,0.4145
8526,2.59,1,0.4035
40412,4.59,1,0.4035
56620,2.59,1,0.4035
63276,3.09,1,0.4035
1627,1.89,1,0.3993
51931,3.39,1,0.3993
1130,3.47,1,0.3978
97701,2.59,1,0.4035
111663,3.09,1,0.4035
26974,2.24,1,0.5213
99007,3.09,2,0.403
99910,3.08,1,0.4025
112070,3.08,1,0.4025
4036,3.4,2,0.398
40732,3.5,2,0.4001
66371,3.42,1,0.3966
1647,2.89,1,0.3993
5380,3.89,1,0.3993
5471,1.89,1,0.3993
5483,3.39,1,0.3993
6334,3.89,1,0.3993
27821,3.39,1,0.3993
34153,3.89,1,0.3993
56908,3.89,1,0.3993
167018,2.97,1,0.3978
27778,2.59,1,0.4035
85179,3.59,1,0.4035
148424,2.59,1,0.4035
135,1.89,1,0.3993
172705,4.57,1,0.4358
7004,3.08,1,0.4025
55577,2.08,1,0.4025
159755,3.58,1,0.4025
60161,4.92,1,0.3966
134783,2.92,1,0.3966
2112,4.44,1,0.4217
2153,2.44,1,0.4217
135137,1.77,1,0.5616
142372,3.27,1,0.5616
835,2.89,1,0.3993
1191,2.89,1,0.3993
1339,3.89,1,0.3993
3394,1.89,1,0.3993
3788,3.39,1,0.3993
4978,2.89,1,0.3993
5666,4.89,1,0.3993
5984,2.89,1,0.3993
39427,3.89,1,0.3993
55250,2.39,1,0.3993
55272,3.39,1,0.3993
78316,3.32,1,0.3987
36931,3.09,1,0.4035
232,3.05,1,0.3979
2613,3.44,1,0.4217
475,4.89,1,0.3993
558,2.89,1,0.3993
1836,4.39,1,0.3993
1292,3.47,1,0.3978
93193,2.59,1,0.4035
103685,4.09,1,0.4035
2641,2.92,5,0.4411
180987,1.07,1,0.4358
58332,2.24,2,0.4249
3113,2.75,3,0.4459
3034,4.23,2,0.4009
5323,1.01,4,0.4458
53464,2.77,2,0.4821
71106,3.58,1,0.4025
79132,4.15,15,0.4361
79592,2.55,5,0.4004
82461,3.35,3,0.4018
103772,3.53,3,0.4009
109578,3.26,3,0.4139
176371,3.38,5,0.4519
68237,4.18,5,0.4007
112138,3.5,4,0.4011
2791,3.86,5,0.4038
4247,2.74,4,0.4005
46972,1.96,3,0.3995
93510,3.5,2,0.3996
112175,3.86,3,0.4009
189111,3.34,1,0.5971
4085,3.4,6,0.4308
46865,0.77,1,0.5616
2987,3.77,5,0.4083
915,3.49,2,0.4085
1950,3.89,1,0.3993
2007,1.89,1,0.3993
2539,3.13,6,0.442
3729,2.89,1,0.3993
4040,0.89,1,0.3993
4226,4.2,15,0.4334
4765,3.89,1,0.3993
5060,3.78,3,0.4063
5278,0.89,1,0.3993
5308,2.78,2,0.4075
5785,3.57,5,0.4375
8948,2.89,1,0.3993
27879,3.89,1,0.3993
27899,2.89,1,0.3993
41573,2.89,1,0.3993
56757,3.15,3,0.449
88125,3.74,4,0.4005
95441,3.12,4,0.4005
5299,2.67,3,0.4039
5254,3.11,6,0.4029
3244,2.47,1,0.3978
6989,3.47,1,0.3978
2496,2.96,5,0.4577
4368,1.85,2,0.4107
7022,3.68,4,0.4254
37733,3.16,4,0.4156
55830,3.12,4,0.4005
68486,3.09,1,0.4035
78626,3.09,1,0.4035
80162,2.09,1,0.4035
91500,3.25,4,0.4374
159093,3.38,3,0.4013
608,4.24,12,0.4102
1954,3.96,5,0.4036
5464,3.68,5,0.4089
4558,2.45,4,0.4307
2662,3.18,2,0.4098
112171,3.19,2,0.4826
277,1.47,2,0.4518
179,1.89,1,0.3993
346,2.89,1,0.3993
1409,1.9,2,0.4311
1635,4.2,2,0.4969
2119,1.89,1,0.3993
2412,2.17,2,0.4105
3098,3.8,4,0.4098
3512,3.89,1,0.3993
4509,2.89,1,0.3993
4159,2.36,3,0.4336
1222,4.13,11,0.4134
1097,3.58,7,0.4034
329,3.28,2,0.4114
3986,1.91,4,0.4311
61262,1.09,1,0.4035
98633,3.09,1,0.4035
107348,3.59,2,0.403
118880,2.59,1,0.4035
83177,0.5,2,0.5415
180297,4.07,1,0.4358
7016,2.58,1,0.4025
7254,3.13,3,0.3995
39446,2.34,2,0.403
62999,2.58,1,0.4025
86833,3.53,3,0.4009
1556,1.51,3,0.412
1265,4.19,7,0.437
1884,4.09,6,0.4206
5991,4.15,2,0.398
44840,2.9,2,0.398
45447,2.56,4,0.44
81018,2.92,1,0.3966
101025,2.0,2,0.3996
3160,4.43,3,0.4063
3286,2.44,1,0.4217
76293,3.27,1,0.5616
2095,2.89,1,0.3993
4899,1.24,2,0.4014
5610,1.89,1,0.3993
6780,3.18,2,0.3985
6953,3.3,3,0.4046
30850,3.89,1,0.3993
42728,3.39,1,0.3993
71464,3.99,2,0.4014
78467,1.39,1,0.3993
85414,3.18,3,0.4018
173209,3.89,1,0.3993
180045,3.89,1,0.3993
26242,2.97,1,0.3978
62586,1.97,1,0.3978
2574,2.43,2,0.4645
1073,3.92,3,0.4285
4025,1.93,3,0.4098
4299,2.93,5,0.4051
7143,3.68,4,0.4072
6387,3.09,1,0.4035
6567,3.24,2,0.4014
7894,3.09,1,0.4035
33437,3.24,2,0.4014
58998,3.57,6,0.4142
60760,2.09,1,0.4035
138210,3.09,1,0.4035
147662,2.59,1,0.4035
168248,4.59,1,0.4035
227,2.18,3,0.4064
20,3.3,2,0.4011
428,3.48,2,0.4009
3821,2.53,3,0.4009
2121,2.21,2,0.4098
3959,3.44,1,0.4217
1,3.97,10,0.4386
204,0.64,1,0.5043
11,4.43,2,0.3985
21,3.66,2,0.4105
151,3.74,5,0.4123
450,2.89,1,0.3993
710,1.89,1,0.3993
909,3.66,4,0.4171
1701,1.89,1,0.3993
2058,2.43,3,0.4192
2443,3.89,1,0.3993
1393,3.96,3,0.3989
5041,1.47,1,0.3978
117590,3.77,2,0.4002
2161,2.96,5,0.4048
112290,4.19,3,0.412
3173,2.47,4,0.4365
4896,3.37,9,0.4264
180497,3.98,2,0.4176
4254,1.35,2,0.413
44195,3.68,3,0.4018
71520,2.5,2,0.3996
76175,2.25,2,0.3996
108729,3.59,2,0.403
3510,2.61,3,0.4295
6711,4.24,4,0.4005
8949,3.96,3,0.3998
39444,3.4,2,0.398
64231,3.42,1,0.3966
71135,3.0,2,0.4001
87869,3.51,4,0.4001
3208,3.44,1,0.4217
88356,1.77,1,0.5616
700,3.89,1,0.3993
1299,4.89,1,0.3993
2884,1.89,1,0.3993
4121,2.89,1,0.3993
4248,2.66,2,0.398
4926,1.89,1,0.3993
5256,2.39,1,0.3993
5678,2.39,1,0.3993
6368,3.39,1,0.3993
7034,4.89,1,0.3993
8119,4.39,1,0.3993
47970,3.89,1,0.3993
96588,3.76,3,0.3979
150548,3.89,1,0.3993
45501,2.76,2,0.4862
8860,2.74,2,0.4014
48082,3.75,2,0.4883
51939,2.78,2,0.4826
53435,3.09,1,0.4035
60766,4.09,1,0.4035
78836,4.59,1,0.4035
1061,3.31,3,0.4078
164,3.07,2,0.4144
2321,3.16,2,0.398
367,3.24,6,0.4039
1801,2.4,4,0.4329
1204,4.93,3,0.4598
251,3.39,1,0.3993
466,2.65,3,0.4402
539,2.4,2,0.398
2942,1.89,1,0.3993
1259,4.53,6,0.4275
95377,3.59,1,0.4035
87483,1.57,1,0.4358
489,2.58,1,0.4025
4470,3.58,1,0.4025
43679,2.84,2,0.403
44972,1.58,1,0.4025
52458,3.12,4,0.4005
80489,4.03,3,0.4009
87192,3.99,2,0.4009
112556,3.99,4,0.4005
61160,2.65,2,0.398
74275,1.42,1,0.3966
2424,2.55,4,0.465
81,2.68,2,0.4105
1258,3.96,4,0.4056
337,3.89,1,0.3993
724,1.89,1,0.3993
2005,4.1,4,0.4043
2921,3.89,1,0.3993
4041,2.89,1,0.3993
5452,0.89,1,0.3993
34336,1.65,2,0.398
52784,3.89,1,0.3993
58876,3.39,1,0.3993
62155,3.16,2,0.398
68932,3.39,1,0.3993
96821,4.13,3,0.3995
3461,2.88,3,0.4309
51086,3.05,3,0.4487
2497,3.11,1,0.5053
51077,1.98,3,0.4002
63768,2.59,1,0.4035
89281,3.09,1,0.4035
4239,3.57,3,0.4215
653,2.29,5,0.4081
8907,2.32,3,0.4525
42,2.17,2,0.4105
1527,4.0,6,0.4066
1997,3.86,4,0.4246
3448,3.73,2,0.4009
3452,2.98,3,0.4082
3708,2.93,2,0.3985
5008,3.67,1,0.4679
83613,2.69,3,0.4009
109968,4.59,1,0.4035
112818,2.59,1,0.4035
6550,3.08,1,0.4025
44665,3.02,3,0.4018
96861,2.34,2,0.403
5401,2.42,1,0.3966
5524,2.15,2,0.398
7048,2.92,1,0.3966
109673,2.26,2,0.3996
3438,2.17,2,0.4105
1275,3.58,3,0.4059
2891,2.89,1,0.3993
3538,2.89,1,0.3993
3599,3.89,1,0.3993
6295,1.89,1,0.3993
8587,3.39,1,0.3993
8783,3.02,3,0.4018
95135,3.89,1,0.3993
1587,3.47,5,0.4354
1982,3.55,3,0.4013
3253,3.59,3,0.3979
4054,2.24,2,0.4014
8644,3.19,3,0.4018
55067,3.09,1,0.4035
73268,3.09,1,0.4035
77364,2.74,2,0.4014
80831,3.09,1,0.4035
100,2.54,2,0.4071
4351,2.92,2,0.4179
1220,4.09,5,0.4087
175,3.59,2,0.3998
207,2.89,1,0.3993
429,1.89,1,0.3993
830,2.1,2,0.399
839,0.89,1,0.3993
2570,3.26,2,0.4115
2686,3.89,1,0.3993
5151,3.01,4,0.4036
2629,3.11,1,0.5053
194,4.59,1,0.4035
2391,3.51,2,0.4126
5673,4.47,3,0.3998
99437,3.09,1,0.4035
27368,3.82,1,0.4463
69644,1.42,1,0.3966
89492,3.96,4,0.3991
3758,3.44,1,0.4217
5501,0.5,1,0.5616
994,3.89,1,0.3993
2259,2.56,2,0.4089
3992,2.89,1,0.3993
4889,3.89,1,0.3993
5046,2.89,1,0.3993
32031,2.66,2,0.398
154358,3.89,1,0.3993
173205,3.89,1,0.3993
1391,2.61,3,0.4069
8977,2.53,1,0.3996
34450,4.09,1,0.4035
60941,3.09,1,0.4035
71379,2.59,1,0.4035
86142,4.59,1,0.4035
143859,3.59,1,0.4035
158721,3.09,1,0.4035
590,3.31,5,0.4175
2262,3.04,2,0.4089
899,4.89,1,0.3993
1024,3.89,1,0.3993
1225,4.89,1,0.3993
1605,2.89,1,0.3993
3408,2.96,3,0.3995
3508,4.89,1,0.3993
3176,3.46,2,0.4302
3925,4.59,1,0.4035
97988,2.09,1,0.4035
101088,3.09,1,0.4035
107069,3.09,1,0.4035
110501,4.59,1,0.4035
3735,3.4,2,0.4504
5447,3.52,2,0.4504
175475,0.5,1,0.4358
177285,2.57,1,0.4358
89804,3.48,2,0.4009
90439,3.08,1,0.4025
99728,3.58,1,0.4025
105213,3.5,2,0.3996
2334,2.44,1,0.4217
5451,3.52,2,0.4504
5788,2.39,1,0.3993
44864,3.39,1,0.3993
45950,4.39,1,0.3993
59037,2.39,1,0.3993
97306,3.49,4,0.4005
26198,2.47,1,0.3978
26375,3.97,1,0.3978
168358,2.47,1,0.3978
3972,4.25,3,0.4195
6966,3.59,1,0.4035
27584,3.59,1,0.4035
64010,3.09,1,0.4035
142598,3.59,1,0.4035
1566,3.58,1,0.4025
131013,2.42,1,0.3966
235,4.03,2,0.4114
236,2.89,1,0.3993
3008,3.89,1,0.3993
3258,1.89,1,0.3993
3889,2.59,1,0.4035
97188,3.59,1,0.4035
104243,2.84,2,0.403
114044,3.09,1,0.4035
6888,2.08,1,0.4025
27482,2.58,1,0.4025
33615,2.89,4,0.4524
135569,3.34,2,0.403
2817,1.44,1,0.4217
2033,3.89,1,0.3993
2124,1.89,1,0.3993
2231,3.49,3,0.4078
4029,4.89,1,0.3993
6954,3.89,1,0.3993
8666,0.5,1,0.3993
33838,3.39,1,0.3993
59141,4.39,1,0.3993
4124,0.97,1,0.3978
27480,4.09,1,0.4035
57640,4.25,2,0.4001
5668,1.42,1,0.3966
131714,3.27,1,0.5616
141,3.89,1,0.3993
414,1.89,1,0.3993
423,1.89,1,0.3993
1012,3.89,1,0.3993
1172,3.89,1,0.3993
105844,3.26,2,0.4704
1381,0.97,1,0.3978
2786,1.97,1,0.3978
3089,2.59,1,0.4035
26585,4.09,1,0.4035
5891,1.02,1,0.5014
98243,3.9,1,0.3987
68959,1.57,1,0.4358
103801,2.58,1,0.4025
3847,1.89,1,0.3993
3983,4.89,1,0.3993
4516,1.89,1,0.3993
4678,2.89,1,0.3993
5068,3.89,1,0.3993
5074,3.89,1,0.3993
6033,2.89,1,0.3993
7884,3.89,1,0.3993
31101,3.89,1,0.3993
52299,3.39,1,0.3993
74727,4.53,1,0.3996
74754,2.85,2,0.4168
4574,3.09,1,0.4035
4821,3.59,1,0.4035
71057,2.59,1,0.4035
1588,2.08,1,0.4025
8,2.89,1,0.3993
119,2.89,1,0.3993
3181,3.89,1,0.3993
4610,1.89,1,0.3993
5080,1.89,1,0.3993
2377,2.97,1,0.3978
7312,0.5,1,0.5213
1963,4.92,1,0.3966
45726,1.42,1,0.3966
50610,4.92,1,0.3966
187541,1.34,1,0.5971
3991,1.95,2,0.4901
599,4.89,1,0.3993
4681,3.89,1,0.3993
4985,0.89,1,0.3993
6598,3.39,1,0.3993
7137,3.39,1,0.3993
45062,3.39,1,0.3993
59387,3.15,1,0.5442
8578,2.59,1,0.4035
52644,3.09,1,0.4035
421,2.89,1,0.3993
2025,3.89,1,0.3993
2271,2.89,1,0.3993
4888,3.89,1,0.3993
74685,2.6,1,0.4255
1975,1.97,1,0.3978
113573,2.59,1,0.4035
3593,1.3,3,0.4396
81132,3.19,2,0.4249
1485,2.85,3,0.4018
3793,3.45,6,0.416
38294,2.08,1,0.4025
74698,1.58,1,0.4025
88129,4.24,5,0.4096
90249,2.5,2,0.3996
166528,4.1,4,0.4417
2924,4.26,2,0.4001
56251,3.92,1,0.3966
91542,3.6,5,0.4327
104241,3.37,4,0.4005
104863,1.42,1,0.3966
1909,3.17,3,0.4148
4355,2.04,2,0.4089
104,3.63,4,0.4055
1214,4.41,8,0.4345
2241,2.89,1,0.3993
2404,2.17,2,0.4105
2683,2.92,9,0.4088
2718,3.89,1,0.3993
2944,4.27,4,0.412
3178,3.89,1,0.3993
4115,1.89,1,0.3993
4144,3.49,2,0.4014
4326,3.56,2,0.4089
4329,3.89,1,0.3993
4366,2.89,1,0.3993
4728,2.99,2,0.4014
5093,2.52,3,0.4018
5267,3.89,1,0.3993
5322,3.89,1,0.3993
5573,2.4,2,0.398
5636,1.89,1,0.3993
5954,4.13,3,0.3998
6868,2.89,1,0.3993
7161,1.89,1,0.3993
54001,3.92,5,0.4327
87304,3.89,1,0.3993
161131,3.49,2,0.4009
177593,4.96,2,0.4982
2313,3.88,4,0.4308
3897,4.06,10,0.4506
99149,3.86,1,0.4901
5925,1.97,1,0.3978
8906,1.97,1,0.3978
185585,2.97,1,0.3978
168252,4.11,4,0.4075
3994,3.56,7,0.4062
4776,3.67,4,0.4072
5146,3.49,2,0.4014
6296,3.82,3,0.4002
7460,3.75,2,0.4001
36519,2.99,4,0.4417
51935,3.19,3,0.4018
54648,1.09,1,0.4035
58870,3.59,1,0.4035
68848,3.59,1,0.4035
69951,3.52,3,0.4018
50,4.16,22,0.4537
79,2.07,2,0.4144
1201,4.26,9,0.4348
4974,2.4,2,0.398
5445,3.41,9,0.4537
2325,2.98,3,0.4046
1518,3.07,2,0.4144
1729,3.26,4,0.4202
150,3.43,6,0.4369
519,1.74,2,0.4014
605,2.89,1,0.3993
750,4.23,8,0.4378
1032,3.89,1,0.3993
1101,3.89,5,0.4042
1375,2.08,3,0.4192
1396,3.92,3,0.4063
2552,1.89,1,0.3993
3702,3.21,4,0.405
6816,3.89,1,0.3993
3447,3.96,1,0.498
186,1.77,2,0.5001
541,4.14,9,0.4148
2096,3.93,2,0.3985
765,2.02,2,0.4045
110,4.02,12,0.4229
2140,3.0,4,0.4255
3717,2.91,5,0.4121
98061,3.09,1,0.4035
5890,4.02,1,0.5014
6283,4.22,4,0.4088
1029,3.55,4,0.4124
60126,3.24,2,0.4009
88699,2.58,1,0.4025
90717,2.58,1,0.4025
90746,3.15,3,0.4174
95875,3.34,2,0.403
108949,3.58,1,0.4025
134368,3.04,3,0.4009
4958,2.74,5,0.4066
5971,4.37,3,0.4316
6702,1.42,1,0.3966
7926,4.92,1,0.3966
54281,3.65,2,0.398
56801,1.74,2,0.4001
139385,4.31,5,0.4292
190213,1.34,1,0.5971
5669,3.65,4,0.4148
1213,4.27,12,0.4279
3418,3.66,2,0.4105
6934,3.36,5,0.4333
7324,2.96,3,0.4548
56152,4.27,1,0.5616
135436,3.27,1,0.5616
282,2.39,1,0.3993
500,2.99,2,0.4009
1552,3.36,4,0.4058
1785,3.66,2,0.4105
2700,4.54,5,0.4091
3565,2.89,1,0.3993
3606,4.89,1,0.3993
3763,3.17,2,0.4105
4312,3.89,1,0.3993
4488,3.89,1,0.3993
5152,2.89,1,0.3993
5346,0.89,1,0.3993
6039,1.89,1,0.3993
7176,3.39,1,0.3993
62374,3.83,3,0.4005
86332,3.3,5,0.4075
95088,3.74,4,0.4005
168326,4.89,1,0.3993
177615,4.39,1,0.3993
7007,3.73,3,0.4019
2183,1.28,1,0.4628
2723,2.62,5,0.4194
6095,3.09,1,0.4035
26542,3.09,1,0.4035
141799,3.09,1,0.4035
1385,2.49,2,0.4572
2395,3.73,4,0.4093
46974,2.73,2,0.4009
3052,3.37,4,0.4245
4027,4.2,4,0.4095
802,2.73,2,0.4494
2687,4.27,1,0.5616
1747,3.47,2,0.4518
2,2.63,3,0.3995
224,3.89,1,0.3993
951,3.89,1,0.3993
1079,4.21,4,0.3991
1093,2.75,2,0.4262
1197,4.28,7,0.4215
2138,3.89,1,0.3993
2266,1.89,1,0.3993
3328,3.77,4,0.4261
953,4.5,2,0.4336
1977,1.97,1,0.3978
1175,3.8,2,0.41
1840,3.74,2,0.4014
71252,2.59,1,0.4035
106002,2.99,2,0.4011
778,3.92,6,0.3996
157369,3.57,1,0.4358
31427,2.58,1,0.4025
31696,2.9,4,0.4012
41569,3.28,5,0.4292
72641,3.21,4,0.3991
101142,3.08,1,0.4025
110882,3.58,1,0.4025
146210,2.58,1,0.4025
167746,3.58,1,0.4025
176101,3.32,2,0.4192
4890,3.4,4,0.4403
6264,1.65,2,0.398
52319,3.92,1,0.3966
2409,3.16,3,0.4132
2535,3.44,1,0.4217
2763,2.86,3,0.4132
1388,2.53,4,0.4499
54732,2.77,1,0.5616
2052,1.89,1,0.3993
2249,2.89,1,0.3993
4467,3.99,2,0.4014
4780,1.89,1,0.3993
5438,2.89,1,0.3993
5650,4.89,1,0.3993
5791,2.89,1,0.3993
6301,3.89,1,0.3993
7319,2.24,2,0.4014
31162,2.89,1,0.3993
37739,3.39,1,0.3993
52283,2.24,2,0.4014
52975,3.39,1,0.3993
55110,2.89,1,0.3993
84152,3.87,4,0.4086
180985,2.96,3,0.411
2116,2.74,2,0.4114
6707,3.09,1,0.4035
26510,2.59,1,0.4035
53125,2.87,4,0.4005
60471,3.09,1,0.4035
64839,3.8,3,0.3998
88327,2.59,1,0.4035
127152,3.57,1,0.4358
111,3.96,8,0.4058
886,2.15,2,0.398
1129,3.7,4,0.4053
350,2.68,2,0.4105
1262,4.42,3,0.4199
1598,2.17,2,0.4105
2628,3.47,9,0.4547
52,2.89,1,0.3993
383,2.89,1,0.3993
413,2.9,2,0.398
973,3.89,1,0.3993
2949,3.7,4,0.4077
4675,0.89,1,0.3993
4874,3.29,2,0.4075
108932,4.16,6,0.4061
114713,2.85,2,0.5258
1327,2.21,2,0.4098
508,3.53,2,0.4114
2622,4.13,2,0.4523
97643,2.59,1,0.4035
3504,3.85,2,0.4491
1223,4.09,2,0.3998
1283,3.52,3,0.4362
4018,2.97,5,0.4327
110730,2.58,1,0.4025
2843,2.92,1,0.3966
6350,3.92,1,0.3966
26471,4.92,1,0.3966
53996,3.12,4,0.4005
55118,3.47,3,0.3998
156609,2.0,2,0.3996
2531,2.44,1,0.4217
33158,1.78,2,0.4826
70946,2.08,2,0.4826
93139,1.27,1,0.5616
3479,3.89,1,0.3993
4901,2.99,2,0.4014
5955,3.39,1,0.3993
5968,3.89,1,0.3993
8870,2.39,1,0.3993
27660,3.89,1,0.3993
50804,2.89,1,0.3993
51694,3.39,1,0.3993
53468,2.49,2,0.4014
66934,3.48,2,0.4009
69640,2.89,1,0.3993
80586,3.39,1,0.3993
163645,3.98,2,0.4176
173197,4.39,1,0.3993
27905,3.09,1,0.4035
65,1.69,2,0.446
161,3.33,5,0.4098
555,4.29,5,0.414
2118,3.45,2,0.4098
2468,2.3,3,0.4063
180,3.91,3,0.4271
2490,2.81,5,0.4392
592,3.84,6,0.4197
103483,4.09,1,0.4035
174479,3.57,1,0.4358
8371,2.85,3,0.4018
80166,2.0,2,0.3996
91974,3.08,1,0.4025
96728,3.99,2,0.4009
58806,3.15,2,0.398
3915,4.02,2,0.4275
190219,1.34,1,0.5971
40815,3.6,5,0.4327
1464,1.89,1,0.3993
3060,3.51,2,0.4114
6341,2.89,1,0.3993
7160,2.97,2,0.3986
26704,3.89,1,0.3993
27801,3.85,3,0.4018
47894,3.89,1,0.3993
67255,3.65,2,0.398
87306,3.74,4,0.4005
5433,1.97,1,0.3978
2482,3.26,2,0.4115
68269,3.82,1,0.3987
37382,2.74,2,0.4014
99117,2.84,2,0.403
110281,3.59,1,0.4035
144976,4.09,1,0.4035
2392,1.79,2,0.4503
1171,1.89,1,0.3993
1812,3.89,1,0.3993
2607,3.39,1,0.3993
3036,2.89,1,0.3993
5809,3.89,1,0.3993
130050,2.59,1,0.4035
4131,1.02,1,0.5014
1619,2.84,2,0.4305
1279,4.32,2,0.4007
193567,2.57,1,0.4358
84601,3.08,1,0.4025
6367,2.66,2,0.398
71282,3.9,2,0.398
88746,2.92,1,0.3966
139642,2.92,1,0.3966
1996,1.44,1,0.4217
3764,2.44,1,0.4217
2193,3.64,4,0.4062
3861,2.66,2,0.398
3862,3.89,1,0.3993
4081,1.89,1,0.3993
30822,3.89,1,0.3993
52712,3.39,1,0.3993
2431,1.16,1,0.4234
54910,3.59,1,0.4035
85412,3.09,1,0.4035
89837,4.09,1,0.4035
1252,4.71,3,0.4397
46,1.89,1,0.3993
504,2.89,1,0.3993
1023,3.89,1,0.3993
1050,3.89,1,0.3993
1121,3.89,1,0.3993
2447,3.23,2,0.4115
3147,3.54,6,0.4087
2670,3.18,2,0.4599
3683,3.09,1,0.4035
3629,3.55,1,0.3979
7325,3.13,3,0.3995
97225,3.08,1,0.4025
1297,4.89,1,0.3993
1298,3.82,3,0.4103
4475,3.89,1,0.3993
5589,3.89,1,0.3993
5820,2.89,1,0.3993
6185,3.39,1,0.3993
6883,2.89,1,0.3993
55267,2.89,1,0.3993
184987,2.97,1,0.3978
41997,3.49,2,0.4014
104925,2.59,1,0.4035
436,2.17,2,0.4105
438,2.17,2,0.4105
210,2.89,1,0.3993
1302,4.43,2,0.3985
3425,3.49,2,0.4014
6568,1.89,1,0.3993
3196,3.97,1,0.3978
2953,0.66,1,0.4234
5900,3.42,1,0.3966
93721,3.92,1,0.3966
58105,3.77,1,0.5616
3168,3.89,1,0.3993
5400,3.02,2,0.4075
27837,2.89,1,0.3993
59738,2.53,1,0.3996
184471,2.97,1,0.3978
2863,4.15,1,0.4098
55492,3.59,1,0.4035
1911,2.58,1,0.4025
1043,1.89,1,0.3993
2236,3.89,1,0.3993
5747,5.0,1,0.4234
3246,4.59,1,0.4035
103688,3.59,1,0.4035
107436,2.59,1,0.4035
3556,3.59,2,0.3998
61729,1.42,1,0.3966
1892,3.44,1,0.4217
50003,2.77,1,0.5616
2787,2.68,2,0.3985
3566,3.89,1,0.3993
3608,2.89,1,0.3993
4305,1.39,1,0.3993
5415,1.89,1,0.3993
5477,2.89,1,0.3993
5478,3.89,1,0.3993
6169,1.89,1,0.3993
6517,2.89,1,0.3993
6790,2.39,1,0.3993
6810,2.39,1,0.3993
33660,3.82,2,0.4805
37853,1.89,1,0.3993
8369,2.09,1,0.4035
26159,3.59,1,0.4035
75395,3.09,1,0.4035
156371,4.5,2,0.4001
1255,4.0,2,0.4001
134528,1.42,1,0.3966
3716,1.44,1,0.4217
458,2.89,1,0.3993
1441,2.89,1,0.3993
2979,2.89,1,0.3993
4082,1.89,1,0.3993
6314,1.89,1,0.3993
1033,3.0,2,0.4124
1976,1.97,1,0.3978
2504,3.11,1,0.5053
100083,3.09,1,0.4035
117867,3.59,1,0.4035
1345,3.33,2,0.4484
70533,3.07,1,0.4358
177939,4.07,1,0.4358
49276,1.42,1,0.3966
3841,2.68,2,0.4105
4000,3.44,1,0.4217
4632,3.27,1,0.5616
4719,3.27,1,0.5616
32296,0.77,1,0.5616
65685,3.27,1,0.5616
61697,2.51,1,0.4854
550,2.89,1,0.3993
2922,3.89,1,0.3993
5521,3.89,1,0.3993
30820,3.39,1,0.3993
61406,3.89,1,0.3993
63876,3.89,1,0.3993
57274,3.59,1,0.4035
1376,2.89,1,0.3993
1821,2.89,1,0.3993
3998,3.89,1,0.3993
100397,3.09,1,0.4035
6001,4.05,2,0.4525
47,4.25,16,0.4225
7147,3.62,6,0.4567
40870,3.05,1,0.3979
152081,3.74,4,0.401
114935,3.6,5,0.4365
71264,3.65,5,0.4095
50872,3.96,6,0.4
51540,4.0,4,0.4005
57532,0.5,1,0.4025
96691,3.08,1,0.4025
56176,1.77,1,0.5616
2802,3.17,2,0.4105
3301,3.58,4,0.405
4963,3.73,8,0.4175
27706,3.49,2,0.4014
33166,3.89,1,0.3993
34326,3.89,1,0.3993
34520,1.78,3,0.4545
35836,3.55,6,0.4332
40614,3.58,2,0.4862
45175,2.89,1,0.3993
48142,3.39,1,0.3993
52973,3.99,4,0.4005
61240,3.99,2,0.4014
67734,3.12,3,0.3995
79293,2.69,3,0.4018
80969,3.89,1,0.3993
93840,4.37,4,0.4005
97921,3.99,4,0.4005
140174,3.63,3,0.3998
162578,4.39,1,0.3993
174055,3.61,3,0.42
5064,3.72,3,0.4062
5995,3.69,6,0.4341
8368,3.99,5,0.4324
158830,2.47,1,0.3978
59315,3.74,8,0.428
1343,3.77,4,0.4079
5139,3.99,2,0.4014
8914,4.08,5,0.4007
36401,2.5,4,0.4005
61026,3.09,1,0.4035
71254,2.84,2,0.403
76251,3.61,6,0.4078
88272,3.09,1,0.4035
122922,3.67,4,0.4103
527,4.11,19,0.4585
1047,3.33,5,0.4169
1200,4.65,6,0.4036
112183,3.84,4,0.3993
3943,3.09,3,0.4524
3083,3.11,1,0.4178
160,1.68,2,0.4105
293,4.43,11,0.4357
866,4.32,3,0.4093
24,2.89,1,0.3993
266,4.29,3,0.4069
481,3.68,3,0.4093
719,0.89,1,0.3993
1060,4.65,2,0.398
1207,4.15,3,0.4217
1589,3.63,2,0.4105
2355,3.4,6,0.4062
2458,2.43,2,0.3985
3006,4.02,3,0.436
4915,2.89,1,0.3993
106920,4.08,6,0.4213
111921,3.39,1,0.3993
112940,4.39,1,0.3993
904,3.84,7,0.4404
1022,3.64,3,0.4075
2375,2.93,2,0.3985
2445,2.61,1,0.4237
2583,3.88,2,0.4645
3468,4.24,2,0.4508
4979,4.09,5,0.435
5110,4.0,2,0.4001
99917,2.59,1,0.4035
101112,2.5,2,0.4001
104879,4.09,2,0.403
120635,0.59,1,0.4035
122920,4.06,5,0.44
5618,4.42,4,0.4246
5418,3.6,6,0.4237
6502,3.97,5,0.4304
5816,3.16,8,0.4298
122898,1.57,1,0.4358
2692,4.18,6,0.4098
5010,4.06,4,0.4053
5989,3.72,7,0.4178
3477,3.4,2,0.398
8622,3.65,2,0.398
27773,4.36,5,0.4389
72405,3.42,1,0.3966
92535,4.92,1,0.3966
1939,3.44,1,0.4217
1994,3.45,4,0.435
2006,2.08,4,0.4155
2808,1.98,3,0.4148
6218,3.5,3,0.4525
37386,2.51,3,0.4545
2881,2.38,4,0.4516
3157,3.37,2,0.4487
3536,3.51,4,0.4055
3900,3.89,1,0.3993
4039,2.89,1,0.3993
4367,2.19,3,0.4018
4482,1.89,1,0.3993
5083,2.89,1,0.3993
5422,3.89,1,0.3993
5988,2.4,2,0.4504
6832,3.89,1,0.3993
6890,3.89,1,0.3993
71745,2.97,3,0.3998
167570,3.89,1,0.3993
922,4.49,2,0.4997
4947,2.96,1,0.498
497,3.22,3,0.4128
2710,2.28,3,0.4534
260,4.34,17,0.4368
63853,3.59,2,0.4047
1984,1.97,1,0.3978
26729,3.97,1,0.3978
72171,1.97,1,0.3978
3869,3.05,2,0.4226
26547,4.59,1,0.4035
42723,3.09,2,0.403
69516,2.59,1,0.4035
89028,3.09,1,0.4035
92420,4.2,3,0.4009
163981,3.09,1,0.4035
2579,3.57,1,0.4358
120466,3.36,3,0.4009
39,3.89,1,0.3993
71,1.89,1,0.3993
535,2.89,1,0.3993
804,2.89,1,0.3993
5265,1.89,1,0.3993
5291,3.49,2,0.4085
5292,4.89,1,0.3993
2324,3.62,4,0.4671
762,1.87,6,0.4698
2302,3.29,4,0.4398
596,3.93,2,0.3985
1730,1.59,1,0.4035
2474,3.74,2,0.4014
3988,2.28,3,0.4597
4990,2.74,2,0.4014
2300,3.72,4,0.4932
1639,3.7,3,0.4524
5388,2.94,4,0.4136
48997,2.82,1,0.4463
4975,3.75,7,0.4306
6242,3.58,1,0.4025
8985,2.35,3,0.4018
51925,3.08,1,0.4025
73929,2.58,1,0.4025
91976,3.75,2,0.3996
102993,3.92,1,0.3966
91671,0.77,1,0.5616
223,4.3,5,0.4474
1103,4.51,2,0.4045
1321,3.32,4,0.42
2110,3.66,2,0.4105
2372,1.89,1,0.3993
2915,3.93,2,0.3985
4234,2.89,1,0.3993
5416,4.89,1,0.3993
5444,3.49,2,0.4014
6331,3.89,1,0.3993
6339,3.39,1,0.3993
6538,3.89,1,0.3993
6541,1.79,3,0.3998
6552,3.39,1,0.3993
7376,3.39,1,0.3993
8966,2.4,2,0.398
39381,3.49,2,0.4014
53322,3.24,2,0.4009
58295,3.02,3,0.4018
3365,3.93,2,0.4487
4833,3.74,2,0.4479
7046,0.82,1,0.3987
52722,3.12,4,0.4005
67197,2.59,2,0.403
79501,3.59,1,0.4035
138632,4.59,1,0.4035
69,2.74,1,0.5213
338,2.29,2,0.4032
316,2.66,2,0.4105
594,4.03,2,0.4114
610,3.14,2,0.446
799,3.89,1,0.3993
1769,3.17,2,0.4105
2080,3.89,1,0.3993
4033,3.89,1,0.3993
106766,3.99,2,0.4014
3968,2.56,5,0.42
1326,1.47,1,0.3978
735,3.99,2,0.4014
1274,4.46,3,0.3998
2951,4.02,3,0.4018
70208,3.59,1,0.4035
133771,4.13,3,0.3998
5893,4.02,1,0.5014
2605,2.77,5,0.4295
53000,3.34,2,0.403
70286,3.83,4,0.4129
3105,3.5,2,0.4969
3316,2.43,3,0.4059
90888,1.42,1,0.3966
97836,2.26,2,0.3996
3545,2.44,1,0.4217
276,2.89,1,0.3993
2182,3.39,1,0.3993
3614,1.89,1,0.3993
5424,2.89,1,0.3993
5485,4.89,1,0.3993
5577,4.24,2,0.4014
6294,1.63,3,0.3998
50158,2.39,1,0.3993
50601,2.15,1,0.5442
5248,1.47,1,0.3978
6751,1.82,1,0.3987
75446,1.82,1,0.3987
26498,2.59,1,0.4035
44397,3.09,1,0.4035
51666,1.59,1,0.4035
141400,3.59,1,0.4035
48,2.67,3,0.3996
2997,4.23,2,0.4009
110127,3.27,1,0.5616
544,2.68,2,0.4105
1051,2.89,1,0.3993
1190,2.89,1,0.3993
2803,2.68,2,0.4105
3037,4.08,3,0.4313
96811,3.59,2,0.403
101741,3.09,1,0.4035
166291,4.57,1,0.4358
2701,1.87,2,0.4105
55282,2.69,3,0.4018
65802,2.08,1,0.4025
166643,3.99,2,0.4009
6548,2.86,3,0.4009
55995,2.74,4,0.4005
3873,2.44,1,0.4217
352,1.89,1,0.3993
880,2.18,3,0.4718
1944,3.66,2,0.4105
2067,3.22,2,0.3981
3385,3.93,2,0.3985
4117,4.89,1,0.3993
4214,2.18,2,0.4084
4446,3.18,3,0.4018
5970,2.39,1,0.3993
6159,4.89,1,0.3993
33826,2.39,1,0.3993
55080,3.89,1,0.3993
61401,2.39,1,0.3993
4191,2.36,1,0.4901
4105,3.69,3,0.4094
56389,3.32,1,0.3987
2459,3.09,1,0.4035
59369,3.63,4,0.4008
63179,3.09,1,0.4035
41,3.02,1,0.5014
122916,3.19,6,0.4673
798,2.44,1,0.4217
3162,3.44,1,0.4217
2064,2.89,1,0.3993
3107,3.6,3,0.4355
5027,1.89,1,0.3993
376,3.06,2,0.4188
2012,3.3,5,0.4277
1835,3.53,1,0.3996
4002,3.98,4,0.4533
3917,2.98,3,0.4082
5841,1.4,2,0.4504
162968,3.57,1,0.4358
68793,1.75,2,0.3996
3784,2.66,2,0.398
52328,3.75,2,0.4001
65982,3.92,1,0.3966
106491,1.92,1,0.3966
56171,3.4,2,0.4805
73042,0.77,1,0.5616
104074,2.77,1,0.5616
126482,2.77,1,0.5616
2248,4.89,1,0.3993
4458,3.89,1,0.3993
4771,3.89,1,0.3993
5107,2.55,2,0.4075
5247,2.68,2,0.3985
6696,2.39,1,0.3993
41527,3.89,1,0.3993
53993,1.9,2,0.398
69757,3.37,4,0.4005
166568,3.89,1,0.3993
180031,3.89,1,0.3993
187595,3.18,2,0.3985
48150,2.59,1,0.4035
134393,2.26,2,0.4001
146309,3.59,1,0.4035
149011,3.09,1,0.4035
145,2.75,3,0.4215
1179,3.69,2,0.4098
267,3.48,2,0.4009
761,1.89,1,0.3993
2026,1.89,1,0.3993
2044,1.89,1,0.3993
3347,3.89,1,0.3993
102760,3.59,1,0.4035
110286,3.09,1,0.4035
191005,4.07,1,0.4358
58803,3.73,2,0.4244
50912,3.42,1,0.3966
106100,3.86,3,0.4009
1870,2.89,1,0.3993
3790,3.89,1,0.3993
4017,3.89,1,0.3993
4572,2.89,1,0.3993
4736,1.39,1,0.3993
5255,2.89,1,0.3993
5328,4.89,1,0.3993
6252,2.39,1,0.3993
6563,2.39,1,0.3993
43396,2.89,1,0.3993
5755,1.97,1,0.3978
5797,1.97,1,0.3978
6944,2.97,1,0.3978
4343,2.74,4,0.4005
7108,3.09,1,0.4035
73569,4.59,1,0.4035
502,2.44,1,0.4217
2027,2.44,1,0.4217
23,2.21,2,0.3994
650,2.89,1,0.3993
991,3.89,1,0.3993
1231,4.89,1,0.3993
2001,2.95,3,0.4402
2090,3.89,1,0.3993
2155,2.89,1,0.3993
4035,2.89,1,0.3993
4052,2.89,1,0.3993
2880,3.59,1,0.4035
93838,4.59,2,0.403
100163,2.37,3,0.4009
113565,3.59,1,0.4035
116668,4.09,1,0.4035
135815,3.59,1,0.4035
2150,3.55,1,0.3969
59429,2.58,1,0.4025
71429,2.42,1,0.3966
109895,1.42,1,0.3966
190207,1.84,1,0.5971
4642,3.89,1,0.3993
5264,1.89,1,0.3993
5390,2.89,1,0.3993
5461,2.39,1,0.3993
5896,3.89,1,0.3993
7139,3.89,1,0.3993
27846,3.89,1,0.3993
42015,2.89,1,0.3993
161922,2.89,1,0.3993
5009,3.27,2,0.4075
27441,3.59,1,0.4035
38095,4.59,1,0.4035
66097,3.59,1,0.4035
89582,4.09,1,0.4035
116887,3.27,1,0.5616
507,2.89,1,0.3993
2077,3.89,1,0.3993
2600,3.89,1,0.3993
2747,3.28,1,0.4628
183911,1.07,1,0.4358
105351,2.58,1,0.4025
110350,4.08,1,0.4025
4340,2.42,1,0.3966
53318,3.42,1,0.3966
112911,1.42,1,0.3966
3899,1.14,1,0.4557
7444,3.11,2,0.4805
3594,2.89,1,0.3993
6268,3.89,1,0.3993
7366,2.89,1,0.3993
48412,2.39,1,0.3993
49910,3.39,1,0.3993
1234,4.68,2,0.3985
3499,3.93,2,0.3985
165103,3.47,1,0.3978
167538,0.97,1,0.3978
7369,2.09,1,0.4035
27592,4.59,1,0.4035
30745,4.59,1,0.4035
47465,3.59,1,0.4035
141408,3.09,1,0.4035
136449,4.42,1,0.3966
2307,3.44,1,0.4217
6332,2.4,2,0.4805
1243,4.89,1,0.3993
2549,2.89,1,0.3993
3041,1.43,2,0.3985
3063,2.17,2,0.4105
3675,3.89,1,0.3993
4349,2.89,1,0.3993
4939,2.96,1,0.498
93598,2.09,1,0.4035
114670,3.09,1,0.4035
104303,1.57,1,0.4358
93766,2.58,1,0.4025
108928,3.08,1,0.4025
135887,3.08,1,0.4025
158254,1.27,1,0.5616
448,2.89,1,0.3993
2736,3.89,1,0.3993
3238,1.89,1,0.3993
3539,2.39,1,0.3993
5428,1.89,1,0.3993
5792,3.39,1,0.3993
27822,2.89,1,0.3993
70206,3.09,1,0.4035
166,2.89,1,0.3993
479,1.89,1,0.3993
2018,3.89,1,0.3993
4012,2.89,1,0.3993
107997,2.59,1,0.4035
136016,3.09,1,0.4035
531,3.33,1,0.4989
3263,3.03,3,0.4022
84187,2.57,1,0.4358
711,1.32,1,0.4463
6874,4.06,9,0.445
2306,2.58,1,0.4025
2716,4.1,6,0.4039
6537,3.24,4,0.4005
31878,4.09,2,0.403
103655,2.58,1,0.4025
106642,4.08,1,0.4025
152970,4.23,2,0.4009
166534,3.84,2,0.403
168266,3.58,1,0.4025
1616,3.56,2,0.4144
59022,2.9,5,0.4075
63479,2.92,1,0.3966
88785,2.26,2,0.3996
3755,2.5,4,0.4333
2353,3.39,5,0.4371
8361,2.88,5,0.4327
1379,2.66,2,0.4105
1479,3.17,2,0.4105
2093,2.89,1,0.3993
2100,2.81,3,0.3999
2985,3.95,5,0.4038
3247,2.17,2,0.4105
3740,3.84,5,0.4059
3791,3.65,2,0.398
4265,2.89,1,0.3993
4450,2.23,2,0.4014
4478,3.89,1,0.3993
4639,1.15,2,0.398
4808,2.89,1,0.3993
5237,3.89,1,0.3993
5337,2.68,2,0.3985
6223,2.39,1,0.3993
6636,3.89,1,0.3993
8836,2.39,1,0.3993
33421,2.89,1,0.3993
87232,3.87,4,0.4005
56169,3.53,1,0.3996
4886,3.52,7,0.4308
1064,3.66,1,0.4234
1208,4.46,9,0.4136
2028,4.14,11,0.4248
5909,4.59,1,0.4035
31804,2.59,1,0.4035
42632,3.59,1,0.4035
43928,1.99,2,0.4014
54785,2.59,1,0.4035
59915,3.09,1,0.4035
73321,2.25,2,0.4011
2712,2.57,4,0.4142
122900,3.33,8,0.4245
1020,2.04,3,0.4346
736,2.68,5,0.4187
1230,3.87,3,0.4539
2109,2.62,3,0.4634
2795,3.59,3,0.3979
380,3.7,6,0.421
3430,3.44,1,0.4217
176,3.89,1,0.3993
1035,4.14,2,0.4105
1442,3.89,1,0.3993
5425,3.89,1,0.3993
1335,0.97,1,0.3978
70,3.58,5,0.4142
3681,4.34,2,0.403
103141,3.53,3,0.4009
133802,3.59,1,0.4035
114662,3.06,4,0.4076
39292,3.68,4,0.4608
44191,3.91,7,0.4332
788,2.99,2,0.4009
3285,3.1,5,0.4047
3409,2.05,5,0.4169
43871,2.49,2,0.4009
44199,3.62,4,0.4005
54004,2.73,4,0.3995
58293,2.24,2,0.4009
64030,2.09,2,0.403
95583,2.58,1,0.4025
106540,2.58,1,0.4025
182715,3.58,1,0.4025
5810,2.73,5,0.411
5419,2.63,3,0.3995
6287,2.63,3,0.3998
6440,4.0,2,0.4001
59725,2.5,2,0.4791
63082,3.7,5,0.4327
67799,1.42,1,0.3966
3912,1.14,1,0.4557
183897,1.84,1,0.5971
1772,2.71,3,0.414
3035,3.44,1,0.4217
1722,3.18,4,0.4463
7155,2.71,2,0.4791
73015,3.27,1,0.5616
3210,3.44,6,0.4582
61323,3.62,4,0.4212
543,2.95,3,0.4022
2260,1.89,1,0.3993
2989,2.89,1,0.3993
3256,3.17,2,0.4105
4275,3.89,1,0.3993
4291,2.35,3,0.4052
4564,2.43,2,0.3985
4591,2.89,1,0.3993
4677,2.89,1,0.3993
6281,2.6,5,0.435
45221,2.39,1,0.3993
46850,3.89,1,0.3993
53121,2.73,2,0.4009
55768,2.61,2,0.4805
160080,2.83,4,0.4417
5063,2.96,1,0.498
8360,3.16,3,0.4005
27491,2.59,1,0.4035
34319,2.87,4,0.4417
46976,3.47,3,0.3998
119141,3.58,1,0.4025
1466,3.27,5,0.4143
1092,3.11,5,0.4265
122902,1.77,1,0.5616
3471,4.38,4,0.4031
163,3.58,4,0.4293
521,3.17,2,0.4105
784,2.73,4,0.3998
3219,3.19,3,0.4132
3259,3.89,1,0.3993
44761,3.74,2,0.4014
2394,3.15,2,0.4447
2115,3.56,6,0.4069
2194,3.99,6,0.4077
903,3.94,7,0.4353
1454,2.99,2,0.4014
113159,3.09,1,0.4035
122892,3.8,5,0.4074
105653,3.57,1,0.4358
8947,2.08,1,0.4025
33085,2.03,2,0.4002
49651,3.63,3,0.3995
58315,1.75,2,0.3996
72226,3.12,4,0.4005
182823,3.08,1,0.4025
1526,2.92,1,0.3966
3955,1.92,1,0.3966
5530,1.42,1,0.3966
104211,3.49,3,0.399
6365,3.5,6,0.4377
2423,2.68,2,0.3985
2751,3.89,1,0.3993
4498,2.89,1,0.3993
4873,4.04,4,0.4431
6012,1.89,1,0.3993
6957,3.63,3,0.3998
8952,3.39,1,0.3993
69306,2.89,1,0.3993
54372,3.21,2,0.4249
73876,3.59,1,0.4035
80126,3.49,2,0.4014
148166,3.09,1,0.4035
455,2.97,2,0.4792
2788,4.05,1,0.3979
520,3.29,1,0.4002
1287,2.64,2,0.4522
2643,1.82,2,0.4805
4701,2.92,4,0.4478
88,1.89,1,0.3993
556,1.89,1,0.3993
1883,2.89,1,0.3993
1922,2.89,1,0.3993
3507,4.89,1,0.3993
127108,3.9,2,0.398
2398,3.78,3,0.4217
3439,1.17,1,0.4679
1617,4.21,10,0.4172
2665,0.96,1,0.498
1257,3.87,3,0.4039
1261,3.58,7,0.4291
102338,4.09,1,0.4035
3275,4.19,3,0.441
170813,2.06,2,0.4192
5128,2.46,3,0.3998
8132,3.92,1,0.3966
69069,2.75,2,0.3996
73266,1.42,1,0.3966
91323,2.92,1,0.3966
112370,3.42,1,0.3966
431,4.14,2,0.4105
112460,1.77,1,0.5616
616,3.89,1,0.3993
1726,1.89,1,0.3993
2542,4.13,6,0.4411
2575,2.89,1,0.3993
2730,3.89,1,0.3993
4334,3.89,1,0.3993
4369,2.85,3,0.4018
4396,2.17,3,0.4052
6624,1.89,1,0.3993
6820,3.74,2,0.4014
46347,3.39,1,0.3993
49793,3.89,1,0.3993
49957,2.89,1,0.3993
3973,1.46,2,0.4508
8640,2.25,3,0.4306
1407,2.99,4,0.4065
5833,4.59,1,0.4035
8950,4.06,5,0.4246
52245,2.3,3,0.3998
86880,2.86,3,0.4009
136864,2.36,3,0.4124
160527,4.09,1,0.4035
1876,2.98,3,0.4078
1711,3.63,2,0.4105
1042,2.53,2,0.4089
408,1.89,1,0.3993
2091,2.89,1,0.3993
4848,4.21,3,0.4087
1300,4.09,1,0.4035
113345,2.09,1,0.4035
86644,2.54,4,0.4416
161594,3.07,1,0.4358
193585,3.07,1,0.4358
1752,2.58,1,0.4025
8984,3.8,2,0.4011
68205,3.19,3,0.4018
111362,3.72,4,0.4232
2931,4.92,1,0.3966
3511,2.42,1,0.3966
5564,1.42,1,0.3966
69524,4.92,1,0.3966
70641,1.42,1,0.3966
2344,3.44,1,0.4217
3062,4.44,1,0.4217
1003,2.7,2,0.4805
2410,2.16,3,0.4132
4902,3.74,2,0.4014
5178,3.89,1,0.3993
5880,1.39,1,0.3993
6974,3.89,1,0.3993
8528,3.79,3,0.3995
40826,3.2,2,0.4447
53123,3.43,2,0.3985
77455,4.39,1,0.3993
175303,2.97,1,0.3978
42946,4.59,1,0.4035
71304,4.09,1,0.4035
76077,3.37,4,0.4005
1855,2.92,1,0.3966
2947,3.62,3,0.4609
340,2.89,1,0.3993
1030,1.89,1,0.3993
1704,4.0,6,0.4036
1717,2.81,3,0.3999
1974,1.97,1,0.3978
2143,3.35,3,0.4018
96815,3.09,1,0.4035
102066,3.59,1,0.4035
130052,3.09,1,0.4035
117887,4.07,1,0.4358
175585,3.07,1,0.4358
67295,2.82,1,0.4463
101525,3.59,2,0.403
114074,3.58,1,0.4025
152077,3.59,2,0.403
85367,1.42,1,0.3966
3249,3.17,3,0.4148
94985,3.27,1,0.5616
1059,3.89,1,0.3993
1966,3.89,1,0.3993
3625,1.89,1,0.3993
4617,4.89,1,0.3993
8915,3.39,1,0.3993
70862,4.39,1,0.3993
2567,3.24,2,0.4841
714,3.09,1,0.4035
40278,3.74,2,0.4014
66943,3.09,1,0.4035
678,4.44,1,0.4217
2456,1.66,2,0.4105
416,1.89,1,0.3993
4207,1.96,1,0.498
412,2.73,2,0.4014
103219,3.09,1,0.4035
114180,2.89,3,0.4139
135803,3.09,1,0.4035
37380,1.86,3,0.4009
98961,3.73,2,0.4009
103137,2.08,1,0.4025
8531,3.42,1,0.3966
55241,1.42,1,0.3966
84615,2.92,1,0.3966
999,3.17,2,0.4105
3693,2.89,1,0.3993
3754,2.89,1,0.3993
4372,3.89,1,0.3993
4577,2.89,1,0.3993
41716,1.89,1,0.3993
43556,2.89,1,0.3993
45440,3.89,1,0.3993
7482,3.99,2,0.4014
39801,3.09,1,0.4035
44974,3.09,1,0.4035
51498,2.59,1,0.4035
55232,2.34,2,0.403
73741,2.59,1,0.4035
77800,4.09,1,0.4035
86190,3.49,2,0.4014
150401,2.59,1,0.4035
256,2.29,1,0.4002
628,3.78,2,0.4032
3984,3.67,2,0.4092
45,3.03,2,0.4518
417,4.89,1,0.3993
1611,2.89,1,0.3993
1333,3.47,1,0.3978
1241,4.34,2,0.4145
116977,2.59,1,0.4035
6484,2.58,1,0.4025
142422,3.08,1,0.4025
189043,2.84,1,0.5971
135532,3.27,1,0.5616
1040,2.89,1,0.3993
1614,2.89,1,0.3993
2379,0.89,1,0.3993
3398,2.93,2,0.4487
4527,2.89,1,0.3993
4688,3.89,1,0.3993
5023,3.89,1,0.3993
5540,2.89,1,0.3993
5548,2.89,1,0.3993
5572,2.89,1,0.3993
33672,3.89,1,0.3993
37727,3.89,1,0.3993
54771,1.89,1,0.3993
82202,2.89,1,0.3993
159510,1.97,1,0.3978
6214,4.09,1,0.4035
71899,4.0,2,0.4001
1244,3.92,1,0.3966
5,1.89,1,0.3993
487,1.89,1,0.3993
124484,2.97,1,0.3978
407,4.59,1,0.4035
3865,3.59,1,0.4035
100159,4.09,1,0.4035
104913,3.09,1,0.4035
95105,3.08,1,0.4025
101076,2.58,1,0.4025
160718,4.08,1,0.4025
3987,1.42,1,0.3966
54934,1.42,1,0.3966
174053,5.0,1,0.5971
3519,2.44,1,0.4217
7573,2.77,1,0.5616
3111,3.89,1,0.3993
4168,3.89,1,0.3993
7381,1.89,1,0.3993
55052,3.39,1,0.3993
55444,3.39,1,0.3993
97923,3.89,1,0.3993
2548,1.11,1,0.5053
7115,3.09,1,0.4035
58964,3.59,1,0.4035
81520,3.59,1,0.4035
89072,3.59,1,0.4035
191,1.89,1,0.3993
5051,2.89,1,0.3993
1245,4.59,1,0.4035
100906,4.59,1,0.4035
115122,4.09,1,0.4035
57183,3.57,1,0.4358
168090,3.57,1,0.4358
171011,4.57,1,0.4358
85354,1.32,1,0.4463
78637,3.08,1,0.4025
79139,3.08,1,0.4025
162606,3.08,1,0.4025
69436,1.42,1,0.3966
3706,3.44,1,0.4217
3724,2.44,1,0.4217
4276,1.19,1,0.4185
842,1.89,1,0.3993
933,3.89,1,0.3993
1021,0.89,1,0.3993
2035,2.89,1,0.3993
2615,1.89,1,0.3993
3581,2.89,1,0.3993
4086,3.18,2,0.3985
4139,2.89,1,0.3993
4583,3.89,1,0.3993
6022,3.89,1,0.3993
6170,2.89,1,0.3993
7354,2.89,1,0.3993
7445,2.74,2,0.4014
692,1.68,1,0.407
548,2.44,1,0.4217
300,3.89,1,0.3993
1425,2.89,1,0.3993
3618,1.89,1,0.3993
112515,4.09,1,0.4035
996,2.62,3,0.4063
3552,3.45,6,0.4126
157699,3.46,2,0.4176
5949,3.88,2,0.4228
2502,4.09,8,0.4208
4531,2.58,1,0.4025
69122,3.64,6,0.4002
94777,3.36,3,0.4009
111622,3.58,1,0.4025
1136,4.16,9,0.4288
1584,3.4,6,0.422
56715,3.92,1,0.3966
2000,3.78,5,0.4047
2273,2.79,5,0.4382
91660,2.11,2,0.4826
1206,3.65,7,0.4187
2021,4.15,5,0.4157
2130,2.89,1,0.3993
3524,1.89,1,0.3993
6322,3.89,1,0.3993
43912,1.89,1,0.3993
43917,3.39,1,0.3993
85510,3.05,4,0.4417
96610,4.47,5,0.4001
5528,3.25,3,0.4053
6055,1.18,1,0.4158
1777,3.53,3,0.4344
5026,4.5,3,0.4008
175569,2.92,4,0.4559
3863,3.15,4,0.4145
5283,2.73,5,0.4035
38061,4.12,4,0.4005
62434,3.25,4,0.4005
82765,3.09,1,0.4035
104908,2.59,1,0.4035
142420,3.09,1,0.4035
1276,4.69,4,0.4262
5171,2.73,2,0.4009
147,3.31,3,0.4036
1431,2.71,3,0.4617
318,4.3,24,0.4677
587,2.81,4,0.4116
1107,1.42,1,0.3966
115149,3.78,6,0.4513
1320,2.42,6,0.4204
2427,3.79,5,0.4708
2819,3.66,2,0.4105
3985,3.44,1,0.4217
15,1.89,1,0.3993
78,2.89,1,0.3993
94,4.89,1,0.3993
442,2.79,5,0.4367
514,2.89,1,0.3993
529,3.89,1,0.3993
671,3.85,2,0.4491
1399,2.89,1,0.3993
2396,4.18,2,0.3985
3688,2.42,3,0.3979
162,3.93,2,0.3985
3624,3.08,3,0.4195
107462,4.09,1,0.4035
637,1.4,1,0.4072
3646,2.07,4,0.4062
32213,2.58,1,0.4025
49649,1.74,2,0.4009
49824,2.74,2,0.4009
89753,3.34,2,0.403
93272,2.58,1,0.4025
98809,3.88,4,0.4411
104841,3.78,4,0.4224
134130,3.81,6,0.424
173941,2.58,1,0.4025
26887,3.92,1,0.3966
96616,2.92,1,0.3966
3204,3.44,1,0.4217
4308,4.05,4,0.447
53466,2.27,1,0.5616
2268,4.25,4,0.4093
2252,2.89,1,0.3993
3267,3.66,2,0.4105
3703,3.87,6,0.4449
4123,1.89,1,0.3993
4167,2.91,2,0.398
5621,0.89,1,0.3993
6547,1.89,1,0.3993
6631,1.39,1,0.3993
7175,1.89,1,0.3993
7317,3.63,3,0.3995
54881,4.18,2,0.3985
58839,2.39,1,0.3993
67087,3.87,4,0.4005
2297,2.61,3,0.4567
6378,3.53,5,0.4051
4497,2.59,1,0.4035
6016,3.8,7,0.4069
37720,2.74,2,0.4014
41712,3.59,1,0.4035
45081,2.59,2,0.403
60333,4.59,1,0.4035
80363,2.59,2,0.403
1080,4.07,4,0.4129
1178,3.71,3,0.4232
1644,1.87,5,0.4046
2060,3.57,3,0.3992
127098,3.92,1,0.3966
3686,3.33,4,0.405
357,4.11,2,0.4805
1010,1.89,1,0.3993
1377,3.14,2,0.4105
1792,2.45,3,0.4078
2529,3.58,3,0.4059
4014,3.65,2,0.398
4015,2.79,3,0.3995
4133,1.33,2,0.5298
595,3.48,3,0.3999
1124,3.97,1,0.3978
1301,3.47,1,0.3978
2420,3.74,3,0.4275
2867,3.43,2,0.3985
3363,4.16,3,0.4023
182727,1.97,1,0.3978
122918,3.87,4,0.4156
1912,3.54,2,0.4114
5420,2.05,3,0.4062
34323,3.59,1,0.4035
3697,1.8,3,0.4078
3978,3.02,4,0.4389
6880,2.08,1,0.4025
68554,2.67,3,0.4536
94959,3.94,5,0.4184
95873,3.59,2,0.403
102481,2.26,2,0.3996
106487,3.84,2,0.403
1608,3.15,4,0.4076
2599,4.27,4,0.4312
54503,4.29,5,0.3999
60040,3.09,5,0.4075
68600,2.92,1,0.3966
68659,2.46,3,0.3995
93443,3.25,2,0.3996
2657,3.66,3,0.4148
3957,3.44,1,0.4217
64957,4.2,2,0.4805
215,4.05,3,0.4548
524,4.89,1,0.3993
2144,3.59,4,0.447
2401,4.89,1,0.3993
3296,4.89,1,0.3993
4327,3.89,1,0.3993
4757,3.15,2,0.398
4909,1.89,1,0.3993
5635,2.89,1,0.3993
5812,3.39,1,0.3993
6059,2.9,2,0.398
6560,1.89,1,0.3993
6574,0.89,1,0.3993
67997,3.89,1,0.3993
432,1.73,3,0.4261
2713,3.16,1,0.4234
3104,3.98,3,0.4148
5309,3.82,1,0.3987
1394,4.89,3,0.4062
27722,4.59,1,0.4035
33004,3.24,2,0.4014
44828,3.59,1,0.4035
68952,4.09,1,0.4035
142366,2.59,1,0.4035
5784,1.75,2,0.3996
1004,2.68,1,0.407
665,4.92,1,0.3966
4223,3.47,3,0.4213
485,2.8,3,0.4078
910,4.18,3,0.4529
1357,3.48,2,0.4262
1667,1.89,1,0.3993
2263,2.68,2,0.4105
377,3.46,7,0.4124
2986,1.71,5,0.43
3476,3.32,4,0.4419
2436,3.11,1,0.5053
2022,3.09,1,0.4035
3696,3.09,1,0.4035
121231,4.59,1,0.4035
1674,3.45,5,0.4449
91658,3.7,4,0.4114
6958,1.58,1,0.4025
36708,3.73,2,0.4009
37731,3.74,2,0.4009
45730,2.84,2,0.403
84942,3.08,1,0.4025
86960,1.58,1,0.4025
88235,3.58,1,0.4025
89840,2.58,1,0.4025
137857,3.83,4,0.4417
52885,4.92,1,0.3966
89087,1.42,1,0.3966
1387,4.66,5,0.4227
3102,3.44,1,0.4217
3809,3.17,2,0.4105
72696,0.5,1,0.5616
135143,3.77,1,0.5616
2328,2.24,2,0.4014
5644,2.39,1,0.3993
5663,3.39,1,0.3993
8910,3.49,2,0.4014
41571,3.39,1,0.3993
45186,3.35,3,0.4018
45517,2.85,3,0.4018
91077,3.74,2,0.4014
60487,3.97,1,0.3978
185473,2.97,1,0.3978
2573,1.61,1,0.4237
6539,3.75,5,0.4129
3751,3.97,5,0.4138
5296,2.49,2,0.4014
7981,3.49,2,0.4014
51709,4.59,1,0.4035
53161,2.59,1,0.4035
76091,4.59,1,0.4035
86835,2.59,2,0.403
152372,3.09,1,0.4035
1513,2.48,2,0.4009
117529,3.47,5,0.4327
2505,2.95,4,0.4368
130686,2.77,1,0.5616
444,1.89,1,0.3993
2015,2.89,1,0.3993
2072,2.89,1,0.3993
2094,2.68,2,0.4105
4936,2.89,1,0.3993
3294,1.47,1,0.3978
4397,1.97,1,0.3978
2560,3.11,1,0.5053
4735,2.09,1,0.4035
118082,3.09,1,0.4035
5843,2.52,2,0.4504
178111,1.57,1,0.4358
88812,2.25,2,0.3996
1232,4.42,1,0.3966
6373,3.12,4,0.4005
71205,2.42,1,0.3966
3197,3.17,2,0.4105
7,2.89,1,0.3993
3019,3.89,1,0.3993
4822,1.89,1,0.3993
4880,3.58,2,0.4862
5134,3.39,1,0.3993
6380,3.39,1,0.3993
7310,2.39,1,0.3993
8781,2.24,2,0.4014
45928,2.89,1,0.3993
49280,3.39,1,0.3993
51080,3.89,1,0.3993
171765,3.89,1,0.3993
4855,3.96,2,0.4479
4925,2.96,1,0.498
3938,1.97,1,0.3978
5704,1.97,1,0.3978
7477,2.47,1,0.3978
52435,4.97,1,0.3978
179401,2.98,2,0.4168
5617,4.24,2,0.4014
7846,2.59,1,0.4035
116138,2.92,1,0.3966
3638,2.91,3,0.4609
661,3.89,1,0.3993
663,2.89,1,0.3993
838,2.89,1,0.3993
1799,3.66,2,0.4105
2551,2.89,1,0.3993
3272,3.17,2,0.4105
6385,2.66,2,0.398
36527,4.39,1,0.3993
93819,3.09,1,0.4035
102070,2.59,1,0.4035
6595,2.85,3,0.4018
6952,2.58,1,0.4025
742,1.8,2,0.4108
80860,1.42,1,0.3966
104069,3.92,1,0.3966
2735,2.25,4,0.4117
3529,3.44,1,0.4217
6879,3.33,2,0.4791
148888,2.4,2,0.4821
4622,1.89,1,0.3993
7193,3.89,1,0.3993
7348,3.24,2,0.4014
34540,2.89,1,0.3993
39449,1.89,1,0.3993
64620,3.89,1,0.3993
109848,2.42,2,0.4176
71535,3.78,4,0.4077
55814,3.15,1,0.5442
31150,1.97,1,0.3978
3879,2.59,1,0.4035
42718,3.09,1,0.4035
48678,2.59,1,0.4035
85788,3.09,1,0.4035
103810,2.59,1,0.4035
1746,2.92,1,0.3966
1216,3.15,3,0.4247
1686,3.44,1,0.4217
125,3.89,1,0.3993
216,3.4,2,0.398
900,3.89,1,0.3993
4235,3.89,1,0.3993
6349,2.02,2,0.4075
40959,3.39,1,0.3993
62,3.93,2,0.3985
5092,2.82,1,0.3987
52831,3.09,1,0.4035
96832,4.59,1,0.4035
101739,3.09,1,0.4035
6464,0.5,1,0.5213
165639,3.57,1,0.4358
46723,3.14,4,0.4021
68073,2.4,2,0.398
86377,4.92,1,0.3966
88405,2.4,2,0.398
3909,1.89,1,0.3993
3993,3.89,1,0.3993
4304,3.89,1,0.3993
4545,2.89,1,0.3993
5379,3.89,1,0.3993
6542,3.39,1,0.3993
6710,3.89,1,0.3993
7842,2.89,1,0.3993
65130,3.89,1,0.3993
169992,3.39,1,0.3993
184791,2.39,1,0.3993
6746,1.97,1,0.3978
58826,2.09,1,0.4035
81417,2.59,1,0.4035
82366,4.09,1,0.4035
87529,2.59,2,0.403
89118,4.09,1,0.4035
134808,2.92,1,0.3966
322,4.89,1,0.3993
1009,1.89,1,0.3993
1016,2.89,1,0.3993
2506,4.11,1,0.5053
3265,4.59,1,0.4035
6063,3.59,1,0.4035
97285,3.09,1,0.4035
128838,3.09,1,0.4035
8677,0.5,1,0.5213
193571,3.57,1,0.4358
1432,3.08,1,0.4025
47810,0.58,1,0.4025
102684,3.08,1,0.4025
184015,3.08,1,0.4025
4733,3.92,1,0.3966
7379,3.11,2,0.4805
100507,2.77,1,0.5616
1690,2.7,4,0.405
2690,2.89,1,0.3993
3950,3.94,2,0.419
4624,2.89,1,0.3993
5817,4.39,1,0.3993
5878,3.89,1,0.3993
6116,3.39,1,0.3993
6187,2.89,1,0.3993
6288,3.39,1,0.3993
6536,3.39,1,0.3993
6884,2.39,1,0.3993
49130,2.89,1,0.3993
85774,3.89,1,0.3993
176423,3.89,1,0.3993
6777,3.67,1,0.4679
2253,1.76,2,0.4862
2829,4.61,1,0.4237
64497,2.34,2,0.403
160836,2.59,1,0.4035
1077,3.33,1,0.4989
1965,4.17,2,0.4105
345,3.89,1,0.3993
490,3.66,2,0.4105
533,1.89,1,0.3993
1273,4.59,1,0.4035
113862,3.59,1,0.4035
95720,3.08,1,0.4025
103539,3.5,2,0.3996
8387,0.5,1,0.5616
1271,1.89,1,0.3993
2240,2.89,1,0.3993
4229,2.89,1,0.3993
4242,1.89,1,0.3993
5170,1.89,1,0.3993
6036,2.89,1,0.3993
32116,2.39,1,0.3993
58154,3.85,2,0.399
60141,2.39,1,0.3993
175661,2.89,1,0.3993
58972,2.03,1,0.3996
63826,3.59,1,0.4035
138610,1.09,1,0.4035
132,2.44,1,0.4217
174,0.89,1,0.3993
228,0.89,1,0.3993
1188,3.89,1,0.3993
6215,2.89,1,0.3993
2966,4.17,1,0.4679
135861,2.42,1,0.3966
4232,3.49,2,0.4014
4654,3.89,1,0.3993
4965,3.89,1,0.3993
5625,3.89,1,0.3993
6062,2.89,1,0.3993
7251,3.89,1,0.3993
7263,2.89,1,0.3993
8266,2.39,1,0.3993
8880,3.89,1,0.3993
44788,2.89,1,0.3993
55274,2.89,1,0.3993
7757,3.86,1,0.4901
40478,2.47,1,0.3978
1858,2.59,1,0.4035
26401,4.59,1,0.4035
26612,4.59,1,0.4035
31364,4.59,1,0.4035
100579,3.59,1,0.4035
117545,3.27,1,0.5616
1187,1.89,1,0.3993
1224,3.89,1,0.3993
2275,3.89,1,0.3993
1978,1.97,1,0.3978
133832,3.09,1,0.4035
3255,3.18,3,0.448
6870,3.17,4,0.4287
8874,4.12,6,0.4233
3307,3.71,3,0.4478
6333,3.49,4,0.4005
45722,3.25,5,0.4129
84637,2.58,1,0.4025
114818,2.58,1,0.4025
7361,4.18,10,0.4332
4641,3.74,4,0.4005
4994,3.15,2,0.398
45728,3.3,3,0.3998
55261,2.62,4,0.4005
56012,2.92,1,0.3966
89190,1.42,1,0.3966
303,2.29,3,0.4082
3127,2.68,2,0.4105
3257,2.62,3,0.4609
4700,2.5,2,0.4791
104076,1.77,1,0.5616
1290,4.89,1,0.3993
1542,3.89,1,0.3993
1885,3.89,1,0.3993
2478,2.59,3,0.4628
5112,2.89,1,0.3993
6335,3.89,1,0.3993
33646,2.96,3,0.3995
39183,3.34,3,0.4213
45499,3.12,4,0.4005
54256,2.4,2,0.398
55872,3.39,1,0.3993
88140,3.61,4,0.4086
5040,2.66,2,0.4887
3264,1.88,3,0.4599
36535,3.59,3,0.4563
53953,3.0,3,0.449
55908,3.15,1,0.5442
1449,3.97,1,0.3978
187593,2.88,3,0.4658
3155,2.96,2,0.4111
1228,4.3,3,0.3998
4815,2.99,2,0.4014
8042,3.59,1,0.4035
44555,3.95,4,0.4503
47997,3.36,3,0.4009
59727,4.09,1,0.4035
66509,3.63,3,0.3998
74750,3.09,1,0.4035
147657,3.59,1,0.4035
115210,3.85,3,0.4018
1682,4.02,6,0.4045
2717,3.06,4,0.4198
317,2.8,2,0.4226
1438,2.85,3,0.4148
2279,2.7,2,0.4805
1663,3.93,3,0.4294
118,1.89,1,0.3993
315,2.37,3,0.4323
648,3.31,7,0.4195
1641,3.68,2,0.3985
3489,3.73,2,0.4009
4016,3.49,2,0.4014
38038,3.63,3,0.3998
107406,3.75,5,0.4292
261,3.18,2,0.3985
2746,3.67,3,0.4068
4284,2.51,1,0.4175
305,0.63,1,0.4585
1882,1.86,4,0.3991
193587,3.07,1,0.4358
6104,3.32,1,0.4463
4638,2.61,6,0.4314
8807,3.1,5,0.4075
55269,3.62,4,0.4005
79702,4.12,4,0.4005
93363,3.36,3,0.4009
168254,3.58,1,0.4025
2369,2.28,3,0.4707
4823,2.15,2,0.398
5902,4.27,4,0.4252
7371,3.15,2,0.398
70663,3.42,1,0.3966
93270,2.5,2,0.3996
111113,3.25,2,0.3996
1347,3.12,3,0.467
2020,4.89,1,0.3993
3450,3.66,2,0.4105
3617,3.49,4,0.4005
4126,2.89,1,0.3993
5505,3.15,2,0.398
7347,3.39,1,0.3993
8810,2.3,3,0.3998
52375,3.39,1,0.3993
54999,2.66,4,0.4077
56788,3.39,1,0.3993
61132,3.03,7,0.4453
77561,3.24,8,0.4247
82169,3.39,1,0.3993
159717,3.89,1,0.3993
8865,2.44,3,0.431
914,3.66,1,0.4234
3484,1.99,2,0.4014
6156,3.09,1,0.4035
53972,3.39,5,0.3999
60303,3.59,1,0.4035
62849,3.52,3,0.4009
139644,3.8,3,0.3998
1586,1.83,2,0.4448
2968,3.33,5,0.4178
1359,2.58,1,0.4025
122924,3.03,3,0.4009
128360,3.76,4,0.4008
2826,2.62,3,0.4064
185,2.24,4,0.4065
2816,1.17,2,0.4105
2871,2.98,4,0.4325
374,1.77,3,0.4529
353,3.56,3,0.4059
1405,3.61,3,0.4076
2642,2.0,2,0.4114
3004,0.89,1,0.3993
115713,3.7,5,0.4281
480,3.82,11,0.4061
6009,2.59,1,0.4035
130840,4.09,1,0.4035
187,3.02,1,0.5014
2105,2.67,4,0.4362
175485,1.07,1,0.4358
181413,4.07,1,0.4358
2722,2.68,4,0.4481
4643,2.74,4,0.4005
89047,3.58,1,0.4025
164179,3.99,6,0.4307
362,2.96,3,0.442
4989,2.5,2,0.3996
6554,1.65,2,0.398
8957,3.52,4,0.4439
60074,2.75,4,0.4005
61255,2.42,1,0.3966
62511,2.42,1,0.3966
76093,3.97,6,0.3997
78039,2.7,3,0.4009
108945,3.42,1,0.3966
138036,3.36,3,0.4009
6893,2.61,1,0.4178
8798,3.66,4,0.4058
2533,3.44,1,0.4217
3877,1.43,3,0.4063
41566,4.11,2,0.4805
61348,0.69,2,0.4821
1277,4.89,1,0.3993
1816,2.89,1,0.3993
2558,2.57,2,0.4523
2918,3.79,5,0.3999
3087,3.89,1,0.3993
3786,1.89,1,0.3993
4487,2.89,1,0.3993
5073,3.89,1,0.3993
5688,3.39,1,0.3993
8972,2.95,4,0.44
48319,1.89,1,0.3993
5665,2.78,2,0.4075
27426,2.09,1,0.4035
40723,3.09,1,0.4035
156726,4.09,1,0.4035
160571,2.78,2,0.4007
1373,2.9,3,0.4385
172,2.33,3,0.4093
1215,3.28,5,0.4085
198,2.66,2,0.4105
920,4.31,2,0.4188
2455,3.76,3,0.4063
3361,3.48,4,0.4265
312,1.89,1,0.3993
562,3.9,2,0.398
673,2.24,2,0.4009
1217,4.89,1,0.3993
6787,3.93,2,0.3985
1054,1.59,1,0.4035
1209,4.34,2,0.403
116823,3.59,2,0.403
3462,3.98,2,0.3973
27075,2.32,1,0.4463
57669,4.0,4,0.4005
74946,2.51,2,0.3996
5313,1.9,3,0.4074
2719,0.5,1,0.4365
47122,1.65,2,0.398
149354,1.42,1,0.3966
190209,4.34,1,0.5971
1918,1.66,2,0.4105
3767,2.44,1,0.4217
8968,3.27,1,0.5616
63540,3.27,1,0.5616
2282,2.89,1,0.3993
3252,4.1,3,0.4076
3391,1.89,1,0.3993
3555,3.31,3,0.4379
3835,1.89,1,0.3993
5427,1.89,1,0.3993
5529,2.39,1,0.3993
5992,3.4,2,0.398
7364,3.89,1,0.3993
44694,3.09,2,0.4228
56379,3.39,1,0.3993
58879,3.39,1,0.3993
74530,1.53,1,0.3996
2878,1.97,1,0.3978
4893,1.97,1,0.3978
5543,2.47,1,0.3978
4437,4.59,1,0.4035
4553,3.74,2,0.4014
4725,3.59,1,0.4035
48774,3.84,5,0.4246
57504,4.5,2,0.4001
61692,2.59,1,0.4035
2136,1.2,2,0.5131
262,3.49,3,0.4904
3527,3.44,8,0.4049
218,1.89,1,0.3993
440,3.43,2,0.3985
574,3.89,1,0.3993
2084,1.89,1,0.3993
2471,1.89,1,0.3993
1694,2.96,1,0.498
2454,2.97,1,0.3978
3435,2.66,1,0.4234
6734,1.59,1,0.4035
162982,2.57,1,0.4358
184641,0.5,1,0.4358
8340,3.58,1,0.4025
8861,2.09,2,0.403
49396,3.63,3,0.3995
184253,3.58,1,0.4025
1920,1.9,2,0.4005
6863,2.88,5,0.4007
6006,1.42,1,0.3966
47640,3.92,1,0.3966
3432,2.44,1,0.4217
3846,4.44,1,0.4217
280,3.89,1,0.3993
829,1.89,1,0.3993
1390,1.89,1,0.3993
3359,3.89,1,0.3993
3591,1.89,1,0.3993
4128,4.43,2,0.3985
4844,1.89,1,0.3993
5553,3.89,1,0.3993
5881,2.9,2,0.398
51575,2.39,1,0.3993
6731,3.85,2,0.4145
3186,3.03,2,0.4114
58975,3.09,1,0.4035
73676,2.59,1,0.4035
99721,1.09,1,0.4035
158238,3.87,4,0.4005
160341,2.09,1,0.4035
163937,3.09,1,0.4035
208,3.04,5,0.4363
707,2.67,3,0.4093
805,2.67,3,0.4319
891,3.44,1,0.4217
3420,3.44,1,0.4217
355,0.89,1,0.3993
694,2.89,1,0.3993
2726,3.89,1,0.3993
613,2.32,1,0.3987
3671,4.09,5,0.4396
95858,3.59,1,0.4035
102445,3.35,3,0.4018
110553,2.72,3,0.4559
1281,4.05,1,0.3979
163134,3.07,1,0.4358
1356,2.73,2,0.4009
78349,4.08,1,0.4025
3981,1.5,2,0.4001
2357,3.61,1,0.4178
1408,3.96,3,0.4078
2616,2.81,3,0.4129
2668,3.44,1,0.4217
165101,3.27,1,0.5616
1593,1.89,1,0.3993
1680,2.89,1,0.3993
2472,3.89,1,0.3993
3712,2.89,1,0.3993
3823,3.89,1,0.3993
4138,0.89,1,0.3993
4679,3.89,1,0.3993
5486,2.39,1,0.3993
7285,3.65,2,0.398
30894,1.89,1,0.3993
44204,3.39,1,0.3993
56921,3.39,1,0.3993
6347,1.18,1,0.4158
5246,1.47,1,0.3978
6979,4.19,2,0.3972
5013,4.03,2,0.4114
6872,0.59,1,0.4035
57421,3.59,1,0.4035
2384,1.72,2,0.4025
2952,4.68,1,0.407
132046,2.01,2,0.4001
426,3.44,1,0.4217
36,2.89,1,0.3993
511,1.89,1,0.3993
564,1.89,1,0.3993
1120,3.89,1,0.3993
1272,4.15,3,0.4397
1429,3.09,1,0.4035
35957,2.99,2,0.4014
91630,3.62,4,0.4005
98623,2.59,1,0.4035
114707,2.59,1,0.4035
1173,2.75,2,0.4289
106072,3.0,5,0.4074
92507,3.09,2,0.403
107953,3.58,1,0.4025
34523,2.92,1,0.3966
60293,3.92,1,0.3966
65514,3.26,2,0.4001
1430,2.89,1,0.3993
1656,3.89,1,0.3993
2348,3.89,1,0.3993
2469,3.9,2,0.398
2793,1.89,1,0.3993
3393,0.89,1,0.3993
3699,2.82,3,0.4068
4954,3.99,2,0.4009
5220,2.13,3,0.3995
5222,3.89,1,0.3993
6002,3.39,1,0.3993
25834,3.89,1,0.3993
36517,3.89,1,0.3993
45635,2.89,1,0.3993
52724,2.89,1,0.3993
5250,2.97,1,0.3978
48043,3.74,2,0.4014
1748,3.96,3,0.4239
333,3.67,3,0.4318
57,2.89,1,0.3993
2467,4.08,1,0.4025
51037,3.08,1,0.4025
86293,2.58,1,0.4025
5942,2.92,1,0.3966
3731,3.44,1,0.4217
2912,3.89,1,0.3993
3078,3.89,1,0.3993
4903,3.89,1,0.3993
5531,2.39,1,0.3993
6269,3.89,1,0.3993
6809,2.89,1,0.3993
7980,3.89,1,0.3993
71838,2.39,1,0.3993
179817,3.89,1,0.3993
185033,1.97,1,0.3978
2882,1.61,1,0.4237
8838,3.59,1,0.4035
69784,3.09,1,0.4035
1957,3.68,2,0.4105
2135,3.44,1,0.4217
2092,1.89,1,0.3993
4802,3.96,1,0.498
5965,4.02,1,0.5014
73319,1.42,1,0.3966
87234,4.42,1,0.3966
348,3.89,1,0.3993
1457,2.49,2,0.4009
1498,3.89,1,0.3993
2318,3.89,1,0.3993
3725,3.89,1,0.3993
4067,3.89,1,0.3993
4089,1.89,1,0.3993
4380,4.89,1,0.3993
4389,2.39,1,0.3993
6797,2.89,1,0.3993
46572,1.89,1,0.3993
52967,2.89,1,0.3993
81564,3.89,1,0.3993
168612,3.89,1,0.3993
2070,3.96,1,0.498
135216,0.5,1,0.3978
186587,2.97,1,0.3978
34532,3.09,1,0.4035
52952,4.59,1,0.4035
4255,3.92,1,0.3966
1372,2.89,1,0.3993
3071,3.89,1,0.3993
3444,2.89,1,0.3993
4867,2.89,1,0.3993
5562,2.39,1,0.3993
5563,3.39,1,0.3993
127130,3.89,1,0.3993
2772,3.8,2,0.4297
113252,4.09,1,0.4035
136598,2.09,1,0.4035
85131,2.58,1,0.4025
88954,3.08,1,0.4025
93512,3.58,1,0.4025
93563,2.58,1,0.4025
93831,3.58,1,0.4025
65261,3.92,1,0.3966
2202,3.44,1,0.4217
7569,3.27,1,0.5616
196,2.89,1,0.3993
2010,3.89,1,0.3993
4256,2.89,1,0.3993
5075,4.89,1,0.3993
5324,1.89,1,0.3993
6699,2.89,1,0.3993
49274,2.39,1,0.3993
162350,2.74,2,0.4014
44597,3.59,1,0.4035
80846,2.59,1,0.4035
139511,2.59,1,0.4035
139655,2.59,1,0.4035
107,2.89,1,0.3993
1945,3.89,1,0.3993
2889,3.89,1,0.3993
3040,3.89,1,0.3993
107447,3.59,1,0.4035
5481,3.46,5,0.4525
3952,2.84,3,0.4378
148978,3.57,1,0.4358
79224,1.37,2,0.4244
3825,1.89,5,0.42
47254,3.08,1,0.4025
73106,2.58,1,0.4025
81537,3.26,3,0.4536
91485,3.09,2,0.403
111364,2.99,4,0.4005
148626,4.23,5,0.4078
158872,3.59,2,0.403
3979,2.49,5,0.412
7438,4.11,6,0.4266
4069,1.96,3,0.3995
4845,1.42,1,0.3966
62250,2.92,1,0.3966
2367,2.17,2,0.4105
4008,3.14,2,0.4105
47952,2.77,1,0.5616
99114,3.89,7,0.4442
152079,3.27,1,0.5616
2335,3.79,3,0.3995
2378,2.89,1,0.3993
3174,3.24,2,0.4014
4812,2.37,2,0.4487
6510,2.89,1,0.3993
6851,3.39,1,0.3993
7373,3.87,4,0.4005
8873,3.65,2,0.398
46530,3.49,2,0.4014
58156,2.3,3,0.3995
72605,3.35,3,0.4018
72733,3.89,1,0.3993
3095,3.96,1,0.498
55820,3.69,6,0.4288
95207,2.46,3,0.4501
1968,3.64,6,0.4195
4439,3.47,1,0.3978
179819,3.21,4,0.4061
2473,2.69,2,0.4084
81562,3.74,4,0.4006
3945,2.59,1,0.4035
3977,2.32,7,0.4269
4852,0.59,1,0.4035
5630,3.35,3,0.4018
30793,2.64,4,0.4499
31420,2.59,1,0.4035
2761,3.34,3,0.4535
1089,4.27,12,0.4164
122926,3.99,4,0.4089
16,3.91,9,0.4175
1358,3.89,7,0.4359
1422,2.58,2,0.4144
1196,4.3,16,0.438
3623,3.17,5,0.4047
2561,2.44,1,0.4217
17,3.89,1,0.3993
291,1.89,1,0.3993
708,3.77,2,0.4114
1193,4.17,12,0.4347
2264,2.89,1,0.3993
3039,3.52,5,0.4057
593,4.12,19,0.4395
2174,3.46,3,0.4185
102903,3.38,3,0.4013
111759,3.79,5,0.3999
3108,3.55,3,0.4087
2403,3.72,4,0.4056
7150,2.47,3,0.3998
88744,3.99,5,0.3999
136602,3.59,1,0.4035
74795,3.0,3,0.4424
55290,3.74,4,0.4005
67923,2.94,4,0.4417
78088,3.09,2,0.403
85056,3.08,1,0.4025
110297,3.08,1,0.4025
74916,3.42,1,0.3966
140711,2.0,2,0.3996
1804,2.17,2,0.4105
1960,4.02,2,0.4198
3871,4.44,1,0.4217
53974,0.77,1,0.5616
290,4.89,1,0.3993
1285,4.15,2,0.398
3053,3.3,3,0.4357
3802,1.89,1,0.3993
3898,1.39,1,0.3993
3910,3.76,3,0.4513
4720,2.64,3,0.3998
4774,2.89,1,0.3993
4971,2.93,2,0.4487
5446,3.39,1,0.3993
5449,2.32,4,0.4053
5993,3.89,1,0.3993
6188,3.79,4,0.3997
6238,2.05,2,0.4075
6708,3.46,3,0.3998
7236,3.39,1,0.3993
27788,2.39,1,0.3993
31221,2.39,1,0.3993
47200,2.85,3,0.4018
48560,2.39,1,0.3993
90405,3.23,2,0.4009
171763,4.34,3,0.4125
1610,4.61,6,0.4081
2797,3.81,3,0.3999
3521,4.09,1,0.4035
6709,3.63,3,0.3998
6755,3.49,2,0.4014
26681,4.59,1,0.4035
27604,2.59,1,0.4035
48385,3.61,5,0.4477
75389,2.59,1,0.4035
84944,3.12,4,0.4005
89,2.99,2,0.4009
441,3.59,4,0.4062
2706,4.14,6,0.4107
190215,1.84,1,0.5971
344,2.81,9,0.4106
1597,2.18,5,0.4507
1601,2.89,1,0.3993
1991,2.43,2,0.3985
720,2.67,2,0.4447
2805,2.13,2,0.4384
1544,2.83,6,0.4344
3298,3.98,3,0.4082
2023,2.75,2,0.4616
7096,4.55,1,0.3979
1676,3.77,5,0.4047
48304,3.79,3,0.3995
103624,3.58,1,0.4025
116797,3.62,4,0.4156
231,2.98,4,0.3998
30825,2.89,3,0.4177
57951,1.42,1,0.3966
76060,3.42,1,0.3966
349,4.01,3,0.4093
1995,2.44,1,0.4217
59501,3.77,1,0.5616
81834,3.85,6,0.427
27,1.89,1,0.3993
809,2.17,2,0.4105
2376,2.82,2,0.4805
2815,2.17,2,0.4105
4370,3.35,3,0.4018
4387,3.49,2,0.4014
4745,3.89,1,0.3993
5240,3.89,1,0.3993
8954,3.89,1,0.3993
33162,3.02,3,0.4018
56587,2.65,2,0.398
68319,2.36,4,0.4005
96737,3.28,4,0.4357
136958,1.97,1,0.3978
142488,4.02,5,0.4078
4388,2.37,4,0.4005
7235,4.09,1,0.4035
55721,3.09,1,0.4035
60072,2.69,3,0.4018
1562,2.17,3,0.3996
1203,4.07,5,0.4576
5463,3.18,4,0.4053
474,3.76,3,0.4063
1653,3.66,7,0.4528
1833,2.47,3,0.4078
2405,2.83,3,0.4148
222,3.89,1,0.3993
990,1.89,1,0.3993
2950,1.27,3,0.4376
7323,3.05,4,0.3993
47950,2.89,1,0.3993
19,3.38,2,0.413
2587,2.11,1,0.5053
6157,2.49,2,0.4014
33683,3.09,1,0.4035
79008,3.9,3,0.4151
62081,2.66,4,0.4227
4448,3.46,3,0.3998
6811,2.65,2,0.398
6959,1.42,1,0.3966
26903,3.42,1,0.3966
59615,3.18,5,0.3999
66297,4.92,1,0.3966
85401,3.25,2,0.3996
99813,3.92,1,0.3966
112623,3.78,5,0.4292
170705,3.66,2,0.4982
2532,2.44,1,0.4217
8643,2.27,1,0.5616
37741,3.9,2,0.4805
114795,2.78,2,0.4826
4323,4.19,1,0.4185
1100,2.9,2,0.4105
1476,4.15,2,0.398
2137,3.89,1,0.3993
2433,1.89,1,0.3993
3070,3.89,1,0.3993
3378,3.89,1,0.3993
3852,3.9,2,0.398
4147,3.89,1,0.3993
4231,2.89,1,0.3993
4649,1.89,1,0.3993
6306,3.89,1,0.3993
6308,2.39,1,0.3993
7104,3.39,1,0.3993
7165,2.89,1,0.3993
44709,3.39,1,0.3993
5015,3.78,2,0.4075
56782,4.05,4,0.4317
733,3.42,5,0.4096
1953,3.8,3,0.4082
635,2.89,1,0.3993
1268,3.89,1,0.3993
2141,3.0,2,0.4114
2408,1.89,1,0.3993
9,2.03,1,0.3996
364,3.62,4,0.3998
1288,3.92,3,0.3979
1947,2.93,2,0.3985
2289,3.49,4,0.4043
430,5.0,1,0.5053
2288,3.74,4,0.4303
94896,3.59,1,0.4035
98499,2.59,1,0.4035
103596,2.09,1,0.4035
136562,4.57,1,0.4358
84392,3.58,1,0.4025
91622,2.51,2,0.3996
109483,2.58,1,0.4025
143367,2.58,1,0.4025
59900,3.75,2,0.3996
78574,3.9,2,0.398
80693,2.51,2,0.3996
170,2.33,3,0.4093
1658,2.49,2,0.4014
2513,1.89,1,0.3993
3138,2.89,1,0.3993
3169,3.89,1,0.3993
3483,1.39,1,0.3993
4030,1.74,2,0.4014
4148,2.91,3,0.4204
4474,1.89,1,0.3993
4777,2.39,1,0.3993
4849,2.89,1,0.3993
5391,3.89,1,0.3993
5479,3.89,1,0.3993
5541,2.89,1,0.3993
7367,2.97,3,0.3998
37384,3.4,2,0.398
47644,2.39,1,0.3993
52241,3.49,2,0.4014
3668,2.86,1,0.4901
7730,2.97,1,0.3978
187031,2.47,1,0.3978
2702,3.22,3,0.4088
2568,2.55,2,0.5016
7307,3.09,1,0.4035
74228,4.09,1,0.4035
6,4.41,4,0.4079
1693,3.09,2,0.4102
2373,2.17,2,0.4105
2457,4.14,2,0.4105
3710,1.66,2,0.4105
252,2.89,1,0.3993
1235,3.89,1,0.3993
1099,3.17,1,0.4679
332,2.59,1,0.4035
3422,2.59,1,0.4035
6936,2.99,2,0.4014
2901,2.49,3,0.4342
1199,4.02,3,0.4018
102716,3.46,3,0.4559
138204,3.58,1,0.4025
140715,3.73,2,0.4009
3864,4.14,1,0.4557
3441,3.66,2,0.4105
26765,2.32,2,0.4826
2338,1.51,2,0.4114
2340,2.24,2,0.4009
2857,3.54,2,0.4114
3079,2.89,1,0.3993
3654,3.66,2,0.4105
3836,4.66,2,0.4105
4661,2.89,1,0.3993
4962,1.89,1,0.3993
5137,4.89,1,0.3993
5298,3.39,1,0.3993
5387,2.39,1,0.3993
6582,3.39,1,0.3993
6873,3.24,2,0.4014
7156,3.89,1,0.3993
30707,4.15,2,0.398
52668,3.6,2,0.399
73854,4.47,1,0.3978
79879,1.21,2,0.4011
57637,3.09,1,0.4035
74075,0.59,1,0.4035
1219,4.31,3,0.4619
325,1.89,1,0.3993
453,2.89,1,0.3993
697,2.89,1,0.3993
1194,2.89,1,0.3993
1249,4.05,3,0.4033
1267,3.49,2,0.4085
1735,3.89,1,0.3993
2835,0.89,1,0.3993
2893,2.89,1,0.3993
3270,2.39,1,0.3993
92309,3.59,1,0.4035
104944,3.59,1,0.4035
105504,3.87,3,0.4548
3564,2.07,3,0.4559
7439,2.35,3,0.4018
90403,2.58,1,0.4025
7099,4.42,1,0.3966
104283,4.42,1,0.3966
3029,2.44,1,0.4217
3635,3.17,2,0.4105
3701,2.39,1,0.3993
4068,1.89,1,0.3993
4585,2.89,1,0.3993
5135,3.89,1,0.3993
6616,1.39,1,0.3993
6689,3.89,1,0.3993
8362,2.39,1,0.3993
40339,3.11,2,0.4805
50068,3.73,2,0.4009
53447,3.89,1,0.3993
89904,4.89,1,0.3993
140956,2.97,1,0.3978
5693,1.78,1,0.4628
72424,0.5,1,0.4035
73211,3.59,1,0.4035
2694,3.13,3,0.3995
3066,4.17,2,0.4105
112,3.24,2,0.4014
647,3.17,2,0.4105
6153,1.39,1,0.3993
551,4.03,2,0.4114
189333,3.57,1,0.4358
64983,2.85,3,0.4018
170875,2.59,2,0.403
3628,2.44,1,0.4217
4580,0.5,1,0.5616
100737,3.27,1,0.5616
2745,3.89,1,0.3993
2822,1.89,1,0.3993
4345,2.89,1,0.3993
6442,4.89,1,0.3993
6549,1.89,1,0.3993
6638,1.89,1,0.3993
46559,3.39,1,0.3993
140928,4.39,1,0.3993
6078,2.8,2,0.4075
3423,2.59,1,0.4035
6978,3.59,1,0.4035
7657,3.59,1,0.4035
140267,3.59,1,0.4035
127212,4.07,1,0.4358
86,2.89,1,0.3993
249,3.89,1,0.3993
552,2.66,2,0.4105
106873,2.07,1,0.4358
193565,3.07,1,0.4358
75985,3.08,1,0.4025
2352,3.9,1,0.5944
64285,3.92,1,0.3966
2524,3.44,1,0.4217
3811,3.44,1,0.4217
26764,0.5,1,0.5616
4782,2.89,1,0.3993
4951,3.89,1,0.3993
5072,3.89,1,0.3993
5285,3.89,1,0.3993
5685,3.89,1,0.3993
6195,3.89,1,0.3993
6303,2.89,1,0.3993
6796,3.39,1,0.3993
7248,3.39,1,0.3993
42002,2.89,1,0.3993
47518,2.65,2,0.398
1760,0.5,1,0.5731
49772,4.32,1,0.3987
52604,3.24,2,0.4014
66785,3.09,1,0.4035
70994,4.09,1,0.4035
77893,3.59,1,0.4035
2389,2.08,1,0.4025
1615,4.44,1,0.4217
2085,3.89,1,0.3993
2082,2.03,2,0.4114
2623,1.11,1,0.5053
5136,3.09,1,0.4035
8014,3.55,1,0.3979
42725,1.42,1,0.3966
2500,1.9,2,0.4523
4666,2.89,1,0.3993
5423,1.89,1,0.3993
6197,3.39,1,0.3993
38886,3.49,2,0.4014
40583,3.89,1,0.3993
49132,3.39,1,0.3993
7395,3.32,1,0.3987
2976,3.59,1,0.4035
27563,3.59,1,0.4035
61319,3.09,1,0.4035
1367,3.08,1,0.4025
517,2.68,2,0.4105
386,2.89,1,0.3993
2676,1.89,1,0.3993
3951,4.89,1,0.3993
4744,3.09,1,0.4035
129313,3.59,1,0.4035
